guide,PAMstrand,chr,chr.start,chr.end,mut1,mut2,mut3,provean,maxAbsProvean,essential,set,geneSys,gene,geneDescr,Eno2_log2fc,Fas1_log2fc,Fas2_log2fc,Htb2_log2fc,Rnr2_log2fc,Rpl9A_log2fc,Ssa1_log2fc,Tdh1_log2fc,Tdh2_log2fc,Tdh3_log2fc,Yhb1_log2fc,Eno2_q,Fas1_q,Fas2_q,Htb2_q,Rnr2_q,Rpl9A_q,Ssa1_q,Tdh1_q,Tdh2_q,Tdh3_q,Yhb1_q,FDR0.05_count
AAATAATCCAAATGCAAAAG,+,chrVII,237052,237074,G354E,NA,NA,-5.356,5.356,TRUE,eProvs,YGL142C,GPI10,"Integral membrane protein involved in GPI anchor synthesis; putative alpha 1,2 mannosyltransferase required for addition of the third mannose onto the glycosylphosphatidylinositol (GPI) core structure; human PIG-Bp is a functional homolog",-0.06754688816234196,0.1800273383390522,0.1418685910470872,-0.19975753144276745,0.26239201887557767,0.3529466152358925,0.22027552237666553,0.0914073454873012,-0.1361484953353921,-0.2349350555250127,-0.2297207663718386,0.9312401439126873,0.9566998389113452,0.9900021111221705,0.8032503839623832,0.8977540614829878,0.5623106937568164,0.9569601818230437,0.8869909332132809,0.9445493199674018,0.9010919300405122,0.8981323646314735,0
AACCCTCCATTGCATTTACT,-,chrVII,236609,236631,P498F,P499L,NA,"c(-11, -10)",11,TRUE,eProvs,YGL142C,GPI10,"Integral membrane protein involved in GPI anchor synthesis; putative alpha 1,2 mannosyltransferase required for addition of the third mannose onto the glycosylphosphatidylinositol (GPI) core structure; human PIG-Bp is a functional homolog",-0.22774356604296836,NA,NA,-0.1585732372083611,0.3111850444463794,-0.40264559607813627,0.48124286680774786,1.3888702655718181,NA,NA,NA,0.8778964849175108,NA,NA,0.8502628978465494,0.8694724304851071,0.5655278788845879,0.8195570092999944,0.04882778378280154,NA,NA,NA,1
AGAGCCAGAAATAGATAGTT,-,chrVII,236715,236737,P463L,NA,NA,-7.236,7.236,TRUE,eProvs,YGL142C,GPI10,"Integral membrane protein involved in GPI anchor synthesis; putative alpha 1,2 mannosyltransferase required for addition of the third mannose onto the glycosylphosphatidylinositol (GPI) core structure; human PIG-Bp is a functional homolog",-0.026313209983440215,0.21280171478997764,0.14796411625531425,0.12434317977953456,0.1372694020525735,0.01604925070988964,-0.20153998468510376,-0.25053117418258564,0.025689701621019825,-0.48925384005190287,0.15743472814580203,0.9382196337847281,0.8842557198104747,0.9886008371553309,0.8267339490672806,0.899374302359306,0.8646841069575386,0.9287868946670554,0.8236594257335387,0.9601215862260966,0.6303704777689111,0.8981323646314735,0
GACCCAGCAGTGGACTTATT,-,chrVII,237346,237368,P252L,NA,NA,-9.99,9.99,TRUE,eProvs,YGL142C,GPI10,"Integral membrane protein involved in GPI anchor synthesis; putative alpha 1,2 mannosyltransferase required for addition of the third mannose onto the glycosylphosphatidylinositol (GPI) core structure; human PIG-Bp is a functional homolog",-0.10119432254145545,0.12226379229211488,0.1814912258137778,0.19453810867076127,0.07464316897607805,0.3902359188315626,0.13550678349768586,-0.05787805667834767,-0.0057525638377032605,0.016866728183369938,0.2346154094770553,0.9129235054673163,0.9538853903927272,0.9865732376289147,0.7493984811929015,0.899374302359306,0.28087482535554453,0.9691317922773725,0.8905783416441155,0.9629710388135331,0.9035285260128316,0.836356090300013,0
ATATGCGCCAAAAATAGTTA,-,chrVII,237684,237706,A140V,P141S,NA,"c(-1.392, -7.718)",7.718,TRUE,eProvs,YGL142C,GPI10,"Integral membrane protein involved in GPI anchor synthesis; putative alpha 1,2 mannosyltransferase required for addition of the third mannose onto the glycosylphosphatidylinositol (GPI) core structure; human PIG-Bp is a functional homolog",0.10851798147925996,-0.059984622304828705,-0.21845682927603774,0.037152208054686955,0.13725392015400512,0.01742161901151841,-0.12659516262696094,-0.01212723599416562,-0.063283608708395,-0.1984432311210763,0.02246148750336357,0.9159196780203763,0.9719908576688454,0.9835550970677007,0.8845702212026633,0.899374302359306,0.8651233629595331,0.9744109828603638,0.9052119178299893,0.9569490467173074,0.9010919300405122,0.9515269752620368,0
CTGACTTGGGAATGGAAATT,-,chrVII,237926,237948,T59I,NA,NA,-5.989,5.989,TRUE,eProvs,YGL142C,GPI10,"Integral membrane protein involved in GPI anchor synthesis; putative alpha 1,2 mannosyltransferase required for addition of the third mannose onto the glycosylphosphatidylinositol (GPI) core structure; human PIG-Bp is a functional homolog",0.28887612860376854,0.2893714780214609,0.03753254499737931,0.2013202413764082,-0.13443798830013642,0.48016940742879516,-0.07535185115384942,-0.6944549510104386,-0.04908778194566845,-0.2025801156809189,0.12208362109359264,0.5898344051502572,0.6868063002340915,0.9958664530261386,0.7311683987779293,0.8977540614829878,0.09596619687947427,0.9906019994230938,0.06640284225666275,0.9561806339110644,0.9010919300405122,0.9093365818533857,0
TGCCGGGCAAATTATGAGTA,+,chrVIII,234001,234023,G219S,NA,NA,-5.533,5.533,TRUE,eProvs,YHR069C,RRP4,Exosome non-catalytic core component; involved in 3'-5' RNA processing and degradation in both the nucleus and the cytoplasm; predicted to contain RNA binding domains; has similarity to human hRrp4p (EXOSC2),-0.17482792632248845,-0.160611743939819,0.13164102594207835,0.3540749398608688,0.06394347054206263,0.4352351137145865,-0.11721445832666966,0.03541243827399312,0.05246204095055843,-0.08998366763563506,-0.1519703748221288,0.9022732093601641,0.9566998389113452,0.9900021111221705,0.5989376336077507,0.902281516774979,0.4446943322545933,0.9860280803880013,0.8994909710752718,0.959198802179204,0.9010919300405122,0.9217822573223307,0
CCGTGACCTCTCATCCAGAT,+,chrVIII,234444,234466,G70N,NA,NA,-5.994,5.994,TRUE,eProvs,YHR069C,RRP4,Exosome non-catalytic core component; involved in 3'-5' RNA processing and degradation in both the nucleus and the cytoplasm; predicted to contain RNA binding domains; has similarity to human hRrp4p (EXOSC2),-0.3999926389520538,-0.20067150316046778,-0.10481321956793165,-0.23856847286269106,-0.3818372764262299,-0.4837739114211993,-0.004522150534380771,0.0038023571296016017,-0.018944144632676064,-0.2683612930830632,-0.1468520153697136,0.0937116775900978,0.850692716934663,0.9886008371553309,0.5552479311293297,0.16436675543075538,0.007631139294877051,0.9997970597540328,0.9074620859128976,0.9596768130764152,0.7779077592924927,0.8537104928302361,1
CGTGACCTCTCATCCAGATA,+,chrVIII,234445,234467,G70N,NA,NA,-5.994,5.994,TRUE,eProvs,YHR069C,RRP4,Exosome non-catalytic core component; involved in 3'-5' RNA processing and degradation in both the nucleus and the cytoplasm; predicted to contain RNA binding domains; has similarity to human hRrp4p (EXOSC2),-0.6593628600585227,-0.4851256576325187,0.32943047458544705,-0.22208547996416728,-0.8525163021340303,-0.42615534533865485,-0.030493554305809068,0.07981497969080345,-0.3406059312033,-0.3130188085097576,-0.4184264424328479,0.03683701670834277,0.42000551904297223,0.972234847212103,0.7247886494140952,0.00224264560219538,0.2938506518947353,0.9992383890561405,0.8879653544823491,0.8237504235833714,0.885442991850608,0.442403224290533,2
GTGTTCCCATGCCAGTAAAA,+,chrVIII,272643,272665,P8F,NA,NA,-10.933,10.933,TRUE,eProvs,YHR083W,SAM35,Component of the sorting and assembly machinery (SAM) complex; the SAM (or TOB) complex is located in the mitochondrial outer membrane; the complex binds precursors of beta-barrel proteins and facilitates their insertion into the outer membrane,0.2581359012104116,0.31246448629697765,0.2115650322027079,-0.06108383276116557,-0.08342957125054754,-0.018372534237233694,-0.3052538136169753,-0.25550207685402165,-0.37717268260591447,-0.14045009850005058,-0.39231093425792984,0.7836980821187881,0.7928074070004754,0.9835550970677007,0.8685907867053719,0.899374302359306,0.8639401147189338,0.8522907139394835,0.8046037129879886,0.7285596239255444,0.9010919300405122,0.5273386046892187,0
AGTCTTACCCACGCACTCGC,+,chrVIII,272914,272936,P99S,NA,NA,-5.309,5.309,TRUE,eProvs,YHR083W,SAM35,Component of the sorting and assembly machinery (SAM) complex; the SAM (or TOB) complex is located in the mitochondrial outer membrane; the complex binds precursors of beta-barrel proteins and facilitates their insertion into the outer membrane,0.16117376849365553,-0.09791067641785316,-0.1785409384378223,-0.14698157415838575,-0.2043903976378116,-0.01328992155934101,-0.16902059674573136,0.05624805042662209,-0.2757609581380378,-0.17078816710933936,-0.2889451883885576,0.9159196780203763,0.9705363091765876,0.9886008371553309,0.8342413664483836,0.8977540614829878,0.8659698149663305,0.9703854986734972,0.8923709006338312,0.8662524227094437,0.9010919300405122,0.8210729406650402,0
GGCCCTACCTATTCTAGTTG,+,chrVIII,273004,273026,P129S,NA,NA,-7.988,7.988,TRUE,eProvs,YHR083W,SAM35,Component of the sorting and assembly machinery (SAM) complex; the SAM (or TOB) complex is located in the mitochondrial outer membrane; the complex binds precursors of beta-barrel proteins and facilitates their insertion into the outer membrane,-0.020635373390480306,-0.29112143531575546,-0.21659359712463183,-0.32590328683907804,-0.15874447004670458,-0.44108809886222666,0.6922653460288636,-0.30667738384556303,0.19827079269466463,-0.3121473354898625,0.2714564451247613,0.9395758353957084,0.9079282764770387,0.9885979994596145,0.7247886494140952,0.899374302359306,0.5181190863598077,0.7908224109181632,0.8415577507653835,0.9418961878988557,0.9010919300405122,0.8739496709609068,0
GCCCTACCTATTCTAGTTGA,+,chrVIII,273005,273027,P129F,NA,NA,-10.983,10.983,TRUE,eProvs,YHR083W,SAM35,Component of the sorting and assembly machinery (SAM) complex; the SAM (or TOB) complex is located in the mitochondrial outer membrane; the complex binds precursors of beta-barrel proteins and facilitates their insertion into the outer membrane,-0.2296246163440451,-1.1179319464760367,-1.246288366347901,0.034130997393938156,-0.10250655962374766,-0.8765777639549943,1.2646740596378288,0.9378716330607522,0.9775661746378932,0.9593835651167911,-1.7629767595484471,0.8778964849175108,0.003109541044146652,0.12053704119001554,0.8929517495921632,0.899374302359306,0.03271436728858877,3.239201285412057e-4,0.532193603639775,0.12615617064624526,0.21293131513477806,1.1963360320485492e-5,4
GTCTTCATGGCAAATATATT,-,chrVIII,233812,233834,S277L,NA,NA,-5.088,5.088,TRUE,eProvs,YHR069C,RRP4,Exosome non-catalytic core component; involved in 3'-5' RNA processing and degradation in both the nucleus and the cytoplasm; predicted to contain RNA binding domains; has similarity to human hRrp4p (EXOSC2),0.100865001594907,0.4028304267274503,0.10176485263176599,0.29226644943527674,0.11754659927619591,0.08121223110654979,0.1775387189991286,-0.23321357940150925,-0.1241572556333565,-0.29788662964368984,0.0268104808071606,0.9114854325998459,0.7981444234265919,0.9900021111221705,0.6630104576070747,0.899374302359306,0.8268912880135502,0.9522824176513709,0.8379084642885598,0.9436042426711909,0.8885897046380453,0.9517369545087122,0
AACCATACTCATAATTTGCC,-,chrVIII,234003,234025,H213Y,T214I,NA,"c(-5.833, -2.717)",5.833,TRUE,eProvs,YHR069C,RRP4,Exosome non-catalytic core component; involved in 3'-5' RNA processing and degradation in both the nucleus and the cytoplasm; predicted to contain RNA binding domains; has similarity to human hRrp4p (EXOSC2),-0.09928716436639945,0.05232522601253343,-0.29641871385675544,-0.24187085362755278,-0.2663221320543394,0.11430333720874726,0.10684231458642277,0.24843312148229205,-0.07539461113076737,-0.19310364219085224,-0.0582077826523903,0.9173842379338686,0.9783456123283197,0.9835550970677007,0.768920954019454,0.8694724304851071,0.8247973193586166,0.9905219719640722,0.8405417837969683,0.957552913083892,0.9010919300405122,0.9431801074797895,0
CATACAAGGTCTCTAAAGTA,-,chrVIII,234084,234106,T186I,NA,NA,-6,6,TRUE,eProvs,YHR069C,RRP4,Exosome non-catalytic core component; involved in 3'-5' RNA processing and degradation in both the nucleus and the cytoplasm; predicted to contain RNA binding domains; has similarity to human hRrp4p (EXOSC2),-0.32950903571863915,-0.29616110091622555,-0.3395894635311329,-0.2730349472300236,0.10115325192267241,0.01514344099498136,-0.068878998009143,-0.06588969242595163,0.5450100533396777,0.2842980400317309,-0.22206923257130598,0.8252293623000827,0.8844298581889977,0.9500013031914962,0.7521212980233584,0.899374302359306,0.8659698149663305,0.9974750234984141,0.8930959732772652,0.5736868810458389,0.9010919300405122,0.850155716570072,0
TTGGGCTCTGTGAATTTACC,-,chrVIII,234225,234247,S140F,NA,NA,-5.9,5.9,TRUE,eProvs,YHR069C,RRP4,Exosome non-catalytic core component; involved in 3'-5' RNA processing and degradation in both the nucleus and the cytoplasm; predicted to contain RNA binding domains; has similarity to human hRrp4p (EXOSC2),-0.5217932658925427,0.1551768498574013,0.19803381618227522,-0.2989966151491282,-0.09272227492095161,-0.04196250515998938,0.7286692236262158,0.48449059870541716,-0.11490487029457544,NA,-0.043076980123186934,0.7836091417408791,0.9567059985763877,0.9900021111221705,0.8109830337096832,0.899374302359306,0.8595441203871691,0.738026918141447,0.7820632913197872,0.9529223726287784,NA,0.9510019392999731,0
GGTCGTTATGCCCCAGAAAC,-,chrVIII,234333,234355,R103C,NA,NA,-7.665,7.665,TRUE,eProvs,YHR069C,RRP4,Exosome non-catalytic core component; involved in 3'-5' RNA processing and degradation in both the nucleus and the cytoplasm; predicted to contain RNA binding domains; has similarity to human hRrp4p (EXOSC2),0.8887838599688201,0.3115302389062599,-0.1673795189773021,-0.2245520541381353,0.18803303406281935,-0.05297678246138048,-0.32838159803461,-0.5488470558631119,-0.13019830504918853,0.5879586790653777,-0.2660671617159907,0.0029723642145881497,0.8653272821828997,0.9897278372379387,0.7741298161956385,0.8977540614829878,0.8588807549847938,0.941251436269011,0.6608313879041392,0.9445493199674018,0.8551197510981673,0.8739496709609068,1
CTATCGGTAATTCCATTGAA,-,chrVIII,234354,234376,S96L,NA,NA,-6,6,TRUE,eProvs,YHR069C,RRP4,Exosome non-catalytic core component; involved in 3'-5' RNA processing and degradation in both the nucleus and the cytoplasm; predicted to contain RNA binding domains; has similarity to human hRrp4p (EXOSC2),0.25003518572496386,0.17461401529638587,-0.010341919642225212,0.19236416516609886,-0.1174202834339707,0.22313928249744625,-0.3072734066395291,0.05797647771651254,-0.16285479146361237,0.1267625452428844,-0.3644711397346606,0.8084034674386573,0.9361216336334643,0.998500356632898,0.7247886494140952,0.899374302359306,0.6246802142099013,0.8557980943550242,0.8913710270366417,0.9225348044676414,0.9010919300405122,0.5488306638988417,0
ATGACGTATTCCTCTGTTGC,-,chrVIII,234402,234424,T80M,NA,NA,-5.3,5.3,TRUE,eProvs,YHR069C,RRP4,Exosome non-catalytic core component; involved in 3'-5' RNA processing and degradation in both the nucleus and the cytoplasm; predicted to contain RNA binding domains; has similarity to human hRrp4p (EXOSC2),0.12479148410681216,0.27250354660117176,-0.10300663854668596,0.336245968933822,-0.12608414167996626,-0.06799924670283156,-0.11752202433758445,-0.3935178104581495,0.027529536340020956,-0.17833360822273783,0.1381426270482258,0.8956456216691983,0.8234000077331086,0.9886008371553309,0.47962995369327666,0.899374302359306,0.8247973193586166,0.975578108346319,0.6171113130563826,0.9596768130764152,0.9010919300405122,0.8820034387755569,0
TGGTCACTGATGACCCTATC,-,chrVIII,234458,234480,T62I,NA,NA,-5.991,5.991,TRUE,eProvs,YHR069C,RRP4,Exosome non-catalytic core component; involved in 3'-5' RNA processing and degradation in both the nucleus and the cytoplasm; predicted to contain RNA binding domains; has similarity to human hRrp4p (EXOSC2),0.4183991781996347,-0.46515087640992503,0.3259246203663351,-0.003781530901715474,0.12247310624891186,-0.08565240583071704,0.21275441758268873,-0.1042337700715909,0.13045190575202473,0.0024493061208112226,0.08199306581244731,0.5989927177898093,0.5047399397324656,0.9319028102224349,0.8966495322874539,0.899374302359306,0.8238982791163996,0.941251436269011,0.8785046563249945,0.9324250851742079,0.9161187462107558,0.9347279700041774,0
AAACAGACACCATGGATCTG,-,chrVIII,272859,272881,C83Y,NA,NA,-9.85,9.85,TRUE,eProvs,YHR083W,SAM35,Component of the sorting and assembly machinery (SAM) complex; the SAM (or TOB) complex is located in the mitochondrial outer membrane; the complex binds precursors of beta-barrel proteins and facilitates their insertion into the outer membrane,-0.10133843240336407,0.18759245327662502,0.13793676660195422,-0.21862455178244913,-0.11883479898199073,-0.1551990427620938,-0.9355878769267607,0.10108803348255872,-0.3785723778131817,0.2123740381486538,-0.11705696332725464,0.9185387543502155,0.9361216336334643,0.9886008371553309,0.7611605608882498,0.899374302359306,0.780306378940663,0.05825881501067986,0.8828095297300711,0.8058326948805185,0.9010919300405122,0.9081019839675142,0
ATAACCGGTCATGGACATCA,+,chrXI,56541,56563,G2272N,NA,NA,-5.993,5.993,TRUE,eProvs,YKL203C,TOR2,"PIK-related protein kinase and rapamycin target; subunit of TORC1, a complex that regulates growth in response to nutrients and TORC2, a complex that regulates cell-cycle dependent polarization of the actin cytoskeleton; involved in meiosis; TOR2 has a paralog, TOR1, that arose from the whole genome duplication",-0.2941956894231395,0.3206147908653864,0.26579498268077056,0.34366603487815756,-0.23482308922688275,-0.24431892733508,0.011773893802976769,-0.5560754770669484,0.507583298747028,-0.25062317265911116,0.13080712544853354,0.8084034674386573,0.8508498332296254,0.9863048109504592,0.6502185648880738,0.8977540614829878,0.6369043879948186,0.9997970597540328,0.654227051303549,0.6662430557011657,0.9010919300405122,0.9091162221605908,0
TTGTCCCTCCGTATTATTTA,+,chrXI,56646,56668,G2237K,NA,NA,-7.99,7.99,TRUE,eProvs,YKL203C,TOR2,"PIK-related protein kinase and rapamycin target; subunit of TORC1, a complex that regulates growth in response to nutrients and TORC2, a complex that regulates cell-cycle dependent polarization of the actin cytoskeleton; involved in meiosis; TOR2 has a paralog, TOR1, that arose from the whole genome duplication",-0.06080748589449224,-0.6568122589918122,-0.347669591599346,-0.6683753648512624,-0.36019357663093543,-0.3961868868436719,-0.08075837967380255,0.13965782067684804,0.08377951784194342,-0.16770348744506688,-0.028733615110291714,0.9322804598611204,0.5679372761579332,0.9835550970677007,0.3601903484688932,0.8750569206536146,0.5757387252107953,0.9982229176234343,0.8785046563249945,0.9554614246403086,0.9010919300405122,0.9518137527925558,0
CAACCCAGTAACCCAGACTT,+,chrXI,56821,56843,G2179N,NA,NA,-5.726,5.726,TRUE,eProvs,YKL203C,TOR2,"PIK-related protein kinase and rapamycin target; subunit of TORC1, a complex that regulates growth in response to nutrients and TORC2, a complex that regulates cell-cycle dependent polarization of the actin cytoskeleton; involved in meiosis; TOR2 has a paralog, TOR1, that arose from the whole genome duplication",0.21128463006447262,-0.06445017962626388,3.6277426601932544e-4,0.34869025685022903,-0.011211630279657405,2.373921278564863e-4,0.40773676545988413,-0.371487786895017,0.18119719755962282,-0.20957088728720003,-0.012361184587679463,0.8252293623000827,0.9719908576688454,0.9994125826576176,0.5317617867765884,0.9164239120425217,0.8735424506848986,0.7756563349273768,0.6909989262354795,0.9250068508722877,0.9010919300405122,0.9520992931724639,0
AACCCAGACTTCGGAGATAA,+,chrXI,56830,56852,G2176K,NA,NA,-7.99,7.99,TRUE,eProvs,YKL203C,TOR2,"PIK-related protein kinase and rapamycin target; subunit of TORC1, a complex that regulates growth in response to nutrients and TORC2, a complex that regulates cell-cycle dependent polarization of the actin cytoskeleton; involved in meiosis; TOR2 has a paralog, TOR1, that arose from the whole genome duplication",-1.0504704333782096,-1.0447591965068297,-0.8115644971088358,-0.9061687342915101,-0.8258177657938705,-1.0229788187432154,-0.43492427217649426,-0.14691771176841056,-0.563641579434048,-0.6675926886289502,-0.4089822003048822,0.0024171954986582835,0.00272780806908373,0.12758272411264093,0.009692375107326429,0.05737301135847671,1.8110217140180788e-4,0.8082488329460973,0.8738734514121391,0.5682122375407513,0.6213781280840577,0.6959055460098824,4
ACCCAGACTTCGGAGATAAT,+,chrXI,56831,56853,G2176R,NA,NA,-7.99,7.99,TRUE,eProvs,YKL203C,TOR2,"PIK-related protein kinase and rapamycin target; subunit of TORC1, a complex that regulates growth in response to nutrients and TORC2, a complex that regulates cell-cycle dependent polarization of the actin cytoskeleton; involved in meiosis; TOR2 has a paralog, TOR1, that arose from the whole genome duplication",0.037518750596299534,-0.42914349501595545,-0.48184603654758906,-0.6070507267099446,-0.4809477430041199,-0.7269038728032523,-0.4855082778953071,-0.11653061325685193,-0.3719580046364224,-0.1978200514679464,-0.8501895530455331,0.9393267614717857,0.7544966902484139,0.9373348461143262,0.35091925933292795,0.5314901953911841,0.03476307487201648,0.7690397928127044,0.8832595666421693,0.8494603581988337,0.9010919300405122,0.1755738674371091,1
TTCTCCAAAAAACTGCCTAC,+,chrXI,57417,57439,G1980K,NA,NA,-7.41,7.41,TRUE,eProvs,YKL203C,TOR2,"PIK-related protein kinase and rapamycin target; subunit of TORC1, a complex that regulates growth in response to nutrients and TORC2, a complex that regulates cell-cycle dependent polarization of the actin cytoskeleton; involved in meiosis; TOR2 has a paralog, TOR1, that arose from the whole genome duplication",0.1390132311123051,0.04470023063355006,0.18376603547988585,0.21014180101658134,0.011271186235637476,-0.14064792472567939,0.06311256506698243,0.1911832077755142,0.3143308314348925,-0.07348342961220414,0.03860355618540316,0.8778964849175108,0.9719908576688454,0.9863048109504592,0.7710864334843204,0.9162796729298647,0.7491251479114261,0.9933177676885694,0.8323705308225593,0.7729856600699364,0.9010919300405122,0.9423857316967222,0
CCTTACCTAGATCAGATAAT,+,chrXI,57641,57663,G1905N,NA,NA,-5.993,5.993,TRUE,eProvs,YKL203C,TOR2,"PIK-related protein kinase and rapamycin target; subunit of TORC1, a complex that regulates growth in response to nutrients and TORC2, a complex that regulates cell-cycle dependent polarization of the actin cytoskeleton; involved in meiosis; TOR2 has a paralog, TOR1, that arose from the whole genome duplication",-0.5563289266904526,-0.5342141872122305,-1.2187759592878498,-0.8746472323971325,-0.9329719581336994,-0.8843475822960536,-0.46896195235090354,0.32787687134659166,-0.6056061963604317,-0.863201000486593,-0.8278744925422568,0.11150600894799483,0.6394119427040323,5.081368802692881e-4,4.7896331438637116e-4,0.016825274666154393,7.777231501488109e-4,0.5592315431689286,0.8046037129879886,0.29695300716804746,0.08833839717089563,0.01859344078423574,5
CTTACCTAGATCAGATAATA,+,chrXI,57642,57664,G1905N,NA,NA,-5.993,5.993,TRUE,eProvs,YKL203C,TOR2,"PIK-related protein kinase and rapamycin target; subunit of TORC1, a complex that regulates growth in response to nutrients and TORC2, a complex that regulates cell-cycle dependent polarization of the actin cytoskeleton; involved in meiosis; TOR2 has a paralog, TOR1, that arose from the whole genome duplication",-0.15056688606255503,-0.24558492373442223,-0.16269860032106312,0.08391223373133379,-0.22769311513914473,-0.45281182149834387,-0.013197556376939468,0.13838221260702513,-0.24033153847763447,-0.030860063529122014,-0.4489055130957371,0.9022732093601641,0.8786250204748896,0.9886008371553309,0.8502628978465494,0.8750569206536146,0.29884201142107314,0.9997970597540328,0.8685780223025164,0.9119931572097898,0.9035285260128316,0.38191928980332635,0
TGAAACCCTCGTGCATAGCT,+,chrXI,57758,57780,G1866N,NA,NA,-5.996,5.996,TRUE,eProvs,YKL203C,TOR2,"PIK-related protein kinase and rapamycin target; subunit of TORC1, a complex that regulates growth in response to nutrients and TORC2, a complex that regulates cell-cycle dependent polarization of the actin cytoskeleton; involved in meiosis; TOR2 has a paralog, TOR1, that arose from the whole genome duplication",-0.31458838685568097,-0.04321762894526875,-0.1838283359697397,-0.20740054506103298,0.2734361274218591,0.04503149803777068,0.3320962944593977,0.2816623554271032,0.15996549657058348,0.3052809229733395,-0.046907462052212044,0.6390411745379411,0.9719908576688454,0.9835550970677007,0.6464997995725696,0.73595503651573,0.8466346715969795,0.703544136951581,0.6896053029210303,0.9211428241194016,0.8572987452578211,0.9360864744255641,0
GAAACCCTCGTGCATAGCTT,+,chrXI,57759,57781,G1866N,NA,NA,-5.996,5.996,TRUE,eProvs,YKL203C,TOR2,"PIK-related protein kinase and rapamycin target; subunit of TORC1, a complex that regulates growth in response to nutrients and TORC2, a complex that regulates cell-cycle dependent polarization of the actin cytoskeleton; involved in meiosis; TOR2 has a paralog, TOR1, that arose from the whole genome duplication",0.10746053248946853,0.10233515141197133,0.17388891307778537,0.13406237470918167,0.018489711198840793,-0.03595042825664997,0.3812097883582251,0.2636119443280666,-0.047250249015515694,-0.21192274541555703,0.1810833121249014,0.8902740601988663,0.9391361320215867,0.9835550970677007,0.7559807328389945,0.9136999700733112,0.8491963034437031,0.5682097469555559,0.72634169110848,0.9530465026326858,0.8821319799429768,0.7672748124022054,0
TACCAATAGCAGAATCAGTT,+,chrXI,59198,59220,G1387S,NA,NA,-5.989,5.989,TRUE,eProvs,YKL203C,TOR2,"PIK-related protein kinase and rapamycin target; subunit of TORC1, a complex that regulates growth in response to nutrients and TORC2, a complex that regulates cell-cycle dependent polarization of the actin cytoskeleton; involved in meiosis; TOR2 has a paralog, TOR1, that arose from the whole genome duplication",-0.14355940863098632,-0.604109669785959,-0.1733953118466986,0.32307978819898037,-0.09184689831955067,0.27157223470464026,0.2797290197624345,-0.025529915752260674,-0.1648024556125452,0.22814201971631143,-0.07833868818814631,0.9043215705255366,0.12065146248017004,0.9885979994596145,0.5268612672687998,0.899374302359306,0.6173335014247255,0.8784355988058572,0.9021022451171227,0.9282914178490093,0.9010919300405122,0.9296286920116139,0
TACTTACCTAATGTATGGAT,+,chrXI,59335,59357,G1340N,NA,NA,-5.489,5.489,TRUE,eProvs,YKL203C,TOR2,"PIK-related protein kinase and rapamycin target; subunit of TORC1, a complex that regulates growth in response to nutrients and TORC2, a complex that regulates cell-cycle dependent polarization of the actin cytoskeleton; involved in meiosis; TOR2 has a paralog, TOR1, that arose from the whole genome duplication",NA,0.6246113042578043,0.17912300134998846,-0.050363463941609274,0.09387212979876751,-0.14404978024436252,0.021877002336010695,0.02284746377913953,0.19573412234823181,0.05592789289049127,0.1312763227006086,NA,0.4574162118929844,0.9886008371553309,0.8823955051757935,0.899374302359306,0.7992695481301919,0.9997970597540328,0.9028035420545231,0.932346260433988,0.9035285260128316,0.9217822573223307,0
ACTTACCTAATGTATGGATT,+,chrXI,59336,59358,G1340N,NA,NA,-5.489,5.489,TRUE,eProvs,YKL203C,TOR2,"PIK-related protein kinase and rapamycin target; subunit of TORC1, a complex that regulates growth in response to nutrients and TORC2, a complex that regulates cell-cycle dependent polarization of the actin cytoskeleton; involved in meiosis; TOR2 has a paralog, TOR1, that arose from the whole genome duplication",0.1494105973016533,-0.1300054327134033,0.47396667279053045,0.022547134524507906,-0.016708591076549477,-0.3204510598679512,0.11144840041936045,-0.1780622310007019,-0.18822602321351972,-0.20000334773838224,-0.26113526397317594,0.9078034794672668,0.9566998389113452,0.8807838527496298,0.8929517495921632,0.9139756976375409,0.5748873460642198,0.9860280803880013,0.8553238616740909,0.9361820239672946,0.9010919300405122,0.8210729406650402,0
CAGCTGTCCTAATGTTGTTA,+,chrXI,60873,60895,G827E,NA,NA,-7.461,7.461,TRUE,eProvs,YKL203C,TOR2,"PIK-related protein kinase and rapamycin target; subunit of TORC1, a complex that regulates growth in response to nutrients and TORC2, a complex that regulates cell-cycle dependent polarization of the actin cytoskeleton; involved in meiosis; TOR2 has a paralog, TOR1, that arose from the whole genome duplication",-0.04227111403487162,0.2627938188926762,0.019247779778904753,-0.031135761385309525,-0.2521330765522171,0.04412195488327197,0.1423542431895572,-0.3265960454869132,0.18686446382996916,0.21210601832754863,0.5356577524801828,0.9322804598611204,0.8234000077331086,0.998500356632898,0.8857396187948932,0.8448480319909047,0.8492416814508368,0.9681049608297475,0.7589924595413131,0.9119931572097898,0.9010919300405122,0.09746349735100542,0
CCAATTTCATGCCCCTTAAT,+,chrXI,101373,101395,S237L,NA,NA,-5.889,5.889,TRUE,eProvs,YKL182W,FAS1,"Beta subunit of fatty acid synthetase; complex catalyzes the synthesis of long-chain saturated fatty acids; contains acetyltransacylase, dehydratase, enoyl reductase, malonyl transacylase, and palmitoyl transacylase activities",-0.11899642761564316,0.5576281565979477,-0.23494708018691668,-0.7024128742509185,-0.41119763406594473,0.2200122579544162,0.24491956206499188,0.1722343408234204,-0.4329728337817898,-0.3715023302645835,-0.48150591859267855,0.9099079288752326,0.29197030017258324,0.9835550970677007,0.030309758914067553,0.39101438495400503,0.6938574145854816,0.9165618685065449,0.8493746317393981,0.7748208971801496,0.8737239170730609,0.34893535985004703,1
TACAGGTCACTCTCAAGGTT,+,chrXI,101480,101502,H273Y,NA,NA,-5.893,5.893,TRUE,eProvs,YKL182W,FAS1,"Beta subunit of fatty acid synthetase; complex catalyzes the synthesis of long-chain saturated fatty acids; contains acetyltransacylase, dehydratase, enoyl reductase, malonyl transacylase, and palmitoyl transacylase activities",0.14529242038586035,0.10967351145033166,-0.38733638350699384,-0.2881826000618959,-0.538864641145691,-0.10111973834055112,-0.41169070447199385,0.420738521418863,-0.7556580154816305,-0.2902591346000479,-0.7387846224678981,0.9185387543502155,0.9719908576688454,0.9835550970677007,0.723550481944903,0.5007587797858886,0.8447860048592039,0.8277490868548997,0.7839429783049312,0.5600566592443672,0.9010919300405122,0.578877471807562,0
GATTCCTTGGAAAACAATGA,+,chrXI,101646,101668,S327F,NA,NA,-5.893,5.893,TRUE,eProvs,YKL182W,FAS1,"Beta subunit of fatty acid synthetase; complex catalyzes the synthesis of long-chain saturated fatty acids; contains acetyltransacylase, dehydratase, enoyl reductase, malonyl transacylase, and palmitoyl transacylase activities",-0.13414586177104226,0.6565727632417779,0.5401818345056565,-0.1651600855262308,NA,0.07228709109590983,0.0054690899332576785,0.168600905499303,NA,-0.02674685283528031,-0.14772779027374744,0.9185387543502155,0.6273298557169009,0.7026368098060928,0.850417671557198,NA,0.8478982311329379,0.9997970597540328,0.8785046563249945,NA,0.9035285260128316,0.9217822573223307,0
GCCACCCACATATTAGACTT,+,chrXI,102162,102184,T499I,H500Y,NA,"c(-5.092, -5.893)",5.893,TRUE,eProvs,YKL182W,FAS1,"Beta subunit of fatty acid synthetase; complex catalyzes the synthesis of long-chain saturated fatty acids; contains acetyltransacylase, dehydratase, enoyl reductase, malonyl transacylase, and palmitoyl transacylase activities",-0.20419689467295504,-0.162614750124561,0.23770913911186572,-0.41032588055704045,-0.18087594500680426,0.2917421280183306,0.30260296477476895,NA,-0.3232335052101917,-0.02142660270376459,-0.38053547267777926,0.8898104970648327,0.9567059985763877,0.9885979994596145,0.7247886494140952,0.899374302359306,0.6295602479573956,0.9522824176513709,NA,0.9303022054711864,0.9035285260128316,0.6750642997794538,0
TTTGGTCCAGGTGGAGCTTC,+,chrXI,102180,102202,P506L,NA,NA,-9.822,9.822,TRUE,eProvs,YKL182W,FAS1,"Beta subunit of fatty acid synthetase; complex catalyzes the synthesis of long-chain saturated fatty acids; contains acetyltransacylase, dehydratase, enoyl reductase, malonyl transacylase, and palmitoyl transacylase activities",-0.14939719822383982,0.07870460809424577,0.07954748620953185,0.34241306302041374,0.1359063551020818,0.5396910916682438,0.023869201670120008,-0.29260280571681274,0.21229842790450013,0.5160377192805423,-0.3943706252144468,0.9159196780203763,0.9719908576688454,0.9957617939713213,0.7142827446655526,0.899374302359306,0.3622548621151357,0.9997970597540328,0.8415577507653835,0.9301652128176489,0.8288338270817373,0.6627747756717356,0
TTAACCCATCGTAATAAAGA,+,chrXI,102213,102235,T516I,H517Y,NA,"c(-5.893, -5.23)",5.893,TRUE,eProvs,YKL182W,FAS1,"Beta subunit of fatty acid synthetase; complex catalyzes the synthesis of long-chain saturated fatty acids; contains acetyltransacylase, dehydratase, enoyl reductase, malonyl transacylase, and palmitoyl transacylase activities",-0.017854176506551925,-0.07919490956715224,0.9275541290894781,-0.014489462044159676,-0.09081203189384052,0.3317207063314646,0.556219717275038,0.14100916980581765,0.146954960327782,-0.11325052872534117,0.091265589882438,0.9395758353957084,0.9682183278587788,0.021008509211219654,0.8929517495921632,0.899374302359306,0.5896432714776842,0.532227232980313,0.8627730576851131,0.9370878558708492,0.9010919300405122,0.9360864744255641,1
CATCGTAATAAAGATGGTAC,+,chrXI,102219,102241,R518C,NA,NA,-7.491,7.491,TRUE,eProvs,YKL182W,FAS1,"Beta subunit of fatty acid synthetase; complex catalyzes the synthesis of long-chain saturated fatty acids; contains acetyltransacylase, dehydratase, enoyl reductase, malonyl transacylase, and palmitoyl transacylase activities",-0.3683289929647109,1.0186717113247579,0.3315776756043162,-0.05766874567538028,-0.3571464044560259,-0.08159968106416016,0.5362173292639104,0.5508302843276487,-0.3299887442340322,-0.024242271547952565,-0.33226474487215507,0.5544599288976955,3.265553436708914e-4,0.8189815353474267,0.8747352810072992,0.7145965643620589,0.8197791287082234,0.20230226808375262,0.5493862370673408,0.8336066354922116,0.9035285260128316,0.6009707353140065,1
GGTGTTCGTGTTATCGTTGC,+,chrXI,102240,102262,R526C,NA,NA,-7.502,7.502,TRUE,eProvs,YKL182W,FAS1,"Beta subunit of fatty acid synthetase; complex catalyzes the synthesis of long-chain saturated fatty acids; contains acetyltransacylase, dehydratase, enoyl reductase, malonyl transacylase, and palmitoyl transacylase activities",0.2751242150476812,0.038210585122364304,0.2502889497741279,0.2205008728160936,0.08744283394793419,-0.23713371182093337,-0.5467636776183327,0.24394397775126275,0.2494394251855815,0.25532674090700497,0.17595206469007943,0.8509294418391938,0.9800841377445317,0.9863048109504592,0.8037780592399753,0.899374302359306,0.7453066266961281,0.8296043133080863,0.8461411866754627,0.9247740757896161,0.9010919300405122,0.9169535468394026,0
TCAATCCATTTATGTTACAA,+,chrXI,102631,102653,P656L,NA,NA,-9.822,9.822,TRUE,eProvs,YKL182W,FAS1,"Beta subunit of fatty acid synthetase; complex catalyzes the synthesis of long-chain saturated fatty acids; contains acetyltransacylase, dehydratase, enoyl reductase, malonyl transacylase, and palmitoyl transacylase activities",-0.3306727782973723,0.021411385224885983,0.2372834257364205,-0.4546131732276657,-0.09807583830911722,-0.246853260932798,-0.07219579640310964,0.21065749958570248,-0.28864978273567615,0.2356478551284747,0.035978684948710975,0.5992238955769305,0.9795750721986501,0.9835550970677007,0.23415832056023964,0.899374302359306,0.5877626621273918,0.9899704677536119,0.8391389379724309,0.8143267301685118,0.9010919300405122,0.9461193712062137,0
AATCCATTTATGTTACAATG,+,chrXI,102633,102655,P656L,NA,NA,-9.822,9.822,TRUE,eProvs,YKL182W,FAS1,"Beta subunit of fatty acid synthetase; complex catalyzes the synthesis of long-chain saturated fatty acids; contains acetyltransacylase, dehydratase, enoyl reductase, malonyl transacylase, and palmitoyl transacylase activities",0.3265786461337191,-0.4923757151641986,0.8253981042925765,0.19306334923133478,0.03993244555036078,-0.09935365936079806,-0.07244236119495397,0.5749359042321495,-0.3402959881882351,0.23271097020870554,-0.31617981816423657,0.8509294418391938,0.8380346815286547,0.19661628355086663,0.8179166042984989,0.9136999700733112,0.8316767322488547,0.9992383890561405,0.626591099750335,0.8946297196657471,0.9010919300405122,0.850155716570072,0
ACTTCCCAATAGCTTTACAA,+,chrXI,102844,102866,P727L,NA,NA,-9.806,9.806,TRUE,eProvs,YKL182W,FAS1,"Beta subunit of fatty acid synthetase; complex catalyzes the synthesis of long-chain saturated fatty acids; contains acetyltransacylase, dehydratase, enoyl reductase, malonyl transacylase, and palmitoyl transacylase activities",-0.04224738250737553,0.033911093995053675,0.40933724814928213,0.4587030578363297,0.07480555247248649,-0.418748038899375,0.06840462750862553,0.6668667815723871,-0.49427736653701243,-0.3947477843611512,0.39723650046466036,0.9331079058336442,0.9783456123283197,0.8751004312454964,0.5177951216130928,0.899374302359306,0.41553556578408096,0.9992383890561405,0.6171113130563826,0.6464569479321489,0.9010919300405122,0.6349503168193118,0
TGGACCGGTGGTAGAGGTGG,+,chrXI,102864,102886,T733I,NA,NA,-5.883,5.883,TRUE,eProvs,YKL182W,FAS1,"Beta subunit of fatty acid synthetase; complex catalyzes the synthesis of long-chain saturated fatty acids; contains acetyltransacylase, dehydratase, enoyl reductase, malonyl transacylase, and palmitoyl transacylase activities",-0.15870488828455245,0.32386526110372843,-0.1616178420215155,-0.23495465709939528,-0.6254718045023562,-0.9411934330302131,0.2398659420898457,NA,-0.33805259598595433,NA,-0.016203033535567287,0.9114551460681516,0.9253292491810028,0.9900021111221705,0.8364567037731944,0.6765360792472839,0.18565857712688907,0.9783566475194386,NA,0.9301652128176489,NA,0.952599514757767,0
ACCCATACTTAACCGGTGAA,+,chrXI,103003,103025,P779L,NA,NA,-9.572,9.572,TRUE,eProvs,YKL182W,FAS1,"Beta subunit of fatty acid synthetase; complex catalyzes the synthesis of long-chain saturated fatty acids; contains acetyltransacylase, dehydratase, enoyl reductase, malonyl transacylase, and palmitoyl transacylase activities",-0.14370934272303623,-0.2472387636987441,0.16132139169572432,-0.1839708326328139,-0.056944873894287096,-0.04585340190558732,-0.03785182849015171,0.7301132045200165,-0.09283269069449317,0.2438869899211164,0.07619275713075958,0.9114723996378877,0.9253292491810028,0.9886008371553309,0.8070385661354829,0.899374302359306,0.852193169778933,0.9992383890561405,0.38660350373751073,0.9481037380243011,0.9010919300405122,0.9360864744255641,0
TATCCACCAATGCCATTCGA,+,chrXI,103041,103063,P792L,P793L,NA,"c(-9.872, -7.086)",9.872,TRUE,eProvs,YKL182W,FAS1,"Beta subunit of fatty acid synthetase; complex catalyzes the synthesis of long-chain saturated fatty acids; contains acetyltransacylase, dehydratase, enoyl reductase, malonyl transacylase, and palmitoyl transacylase activities",0.14414531407454165,-0.24658449981609115,0.48093030470383286,-0.1070413185555232,0.21192855578297692,-0.21213216260999346,0.0010905169022475728,-0.14723537239803622,-0.13767118800729877,-0.3366493183238481,-0.10449112625972012,0.9051335953507612,0.8676224514084917,0.7026368098060928,0.8425098442479414,0.8977540614829878,0.6917204843706017,0.9999169266842849,0.8725316754401713,0.9370878558708492,0.885442991850608,0.9236149255732274,0
CCACTCGTGGTGTTATGCTA,+,chrXI,103243,103265,T859I,R860C,NA,"c(-5.923, -7.888)",7.888,TRUE,eProvs,YKL182W,FAS1,"Beta subunit of fatty acid synthetase; complex catalyzes the synthesis of long-chain saturated fatty acids; contains acetyltransacylase, dehydratase, enoyl reductase, malonyl transacylase, and palmitoyl transacylase activities",-0.025309495523360575,-0.21733646222105132,0.4768294249380731,-0.7035397463820886,-0.1796642289338144,-0.15998509061966606,-0.07658612006265134,-0.29228141469106816,0.04361250986943588,0.3519618819843628,-0.2795739191578276,0.9388885327287432,0.9253292491810028,0.8765452432187532,0.3367695413113884,0.899374302359306,0.775951364858385,0.9976622430750905,0.8191087129497581,0.9592047528488279,0.8778059352097101,0.8739496709609068,0
CAACTTACCAAAGAATAAGT,+,chrXI,103289,103311,P876S,NA,NA,-7.264,7.264,TRUE,eProvs,YKL182W,FAS1,"Beta subunit of fatty acid synthetase; complex catalyzes the synthesis of long-chain saturated fatty acids; contains acetyltransacylase, dehydratase, enoyl reductase, malonyl transacylase, and palmitoyl transacylase activities",-0.14245725942372542,-0.35496065382426145,-0.23755261397568347,-0.2815999684970599,-0.0830683347581421,-0.15072872605626889,0.14469730746169354,-0.08238777753817335,0.018930100536328303,-0.3247365066899666,-0.24327291691071148,0.9078010210471195,0.7928074070004754,0.9835550970677007,0.7493984811929015,0.899374302359306,0.7453066266961281,0.9693032023396968,0.8862649064345054,0.9617528773385083,0.8957658114248316,0.8287753034350196,0
ATTCCAGCAGTTGAGTACTT,+,chrXI,103959,103981,P1098L,A1099V,NA,"c(-9.872, 2.627)",9.872,TRUE,eProvs,YKL182W,FAS1,"Beta subunit of fatty acid synthetase; complex catalyzes the synthesis of long-chain saturated fatty acids; contains acetyltransacylase, dehydratase, enoyl reductase, malonyl transacylase, and palmitoyl transacylase activities",-0.01298732300629934,-0.4177257494292763,-0.04208339547899755,0.20072815220272203,-0.16879740600226312,0.4529605762513571,-0.26853742887221016,0.21071094745360036,0.037337170813840234,-0.16506417298736475,-0.01022875245234972,0.9408228649035254,0.7026248642218256,0.9958664530261386,0.8050508669010699,0.899374302359306,0.28659931354153106,0.90591561503473506,0.8433929129600459,0.9592047528488279,0.9010919300405122,0.952599514757767,0
TTTCAAGCCAAGCCAAGGAA,+,chrXI,104189,104211,P1176S,NA,NA,-7.325,7.325,TRUE,eProvs,YKL182W,FAS1,"Beta subunit of fatty acid synthetase; complex catalyzes the synthesis of long-chain saturated fatty acids; contains acetyltransacylase, dehydratase, enoyl reductase, malonyl transacylase, and palmitoyl transacylase activities",-0.2161507471091933,-0.5358917454730057,0.05388317070813732,0.006287252892014892,0.05630703084434834,-0.21567517010901838,0.06571616171744302,-0.31572958072692126,0.35611951851612267,-0.26721271667756435,0.14753964818653795,0.8712296518540146,0.5763430370291013,0.9957617939713213,0.8948375136094275,0.899374302359306,0.6938574145854816,0.9992383890561405,0.805455095164005,0.8155334470669007,0.8995774432829992,0.9151179685369717,0
ATTGCCAACCAAAGAAACCG,+,chrXI,105146,105168,P1494L,NA,NA,-9.209,9.209,TRUE,eProvs,YKL182W,FAS1,"Beta subunit of fatty acid synthetase; complex catalyzes the synthesis of long-chain saturated fatty acids; contains acetyltransacylase, dehydratase, enoyl reductase, malonyl transacylase, and palmitoyl transacylase activities",-0.27609528854173054,-0.16262359339709775,-0.24479245935732277,-0.35089113138957084,0.026196282898697906,0.3330735889972379,-0.11798004573300419,0.09987564301418075,0.1769950618447959,0.054458729913087964,-0.18054684257965475,0.8084034674386573,0.9361216336334643,0.9835550970677007,0.6101791268498514,0.9136999700733112,0.42688918163606904,0.9837166494761918,0.882768500805872,0.9211428241194016,0.9035285260128316,0.8739496709609068,0
GAACCATACGCTAGAGTTTC,+,chrXI,105321,105343,P1552L,NA,NA,-5.668,5.668,TRUE,eProvs,YKL182W,FAS1,"Beta subunit of fatty acid synthetase; complex catalyzes the synthesis of long-chain saturated fatty acids; contains acetyltransacylase, dehydratase, enoyl reductase, malonyl transacylase, and palmitoyl transacylase activities",0.3194438345119508,-0.1771737996287233,0.3756525174622679,-0.052720971940347014,0.2153586294367784,0.2747245396753066,0.14457371718700113,0.07827005731581008,-0.08485248021157313,0.1179093377554954,-0.24612465578736964,0.8139835080448808,0.9361216336334643,0.9500013031914962,0.8823955051757935,0.8919209382713345,0.5996431117318282,0.9754119441222412,0.8913710270366417,0.9497082594385282,0.9010919300405122,0.8287753034350196,0
TTGCCAGGTACTATCACGCA,+,chrXI,105393,105415,P1576L,NA,NA,-8.714,8.714,TRUE,eProvs,YKL182W,FAS1,"Beta subunit of fatty acid synthetase; complex catalyzes the synthesis of long-chain saturated fatty acids; contains acetyltransacylase, dehydratase, enoyl reductase, malonyl transacylase, and palmitoyl transacylase activities",-0.2599662284989719,-0.17971490582810826,-0.07913022778922428,0.16976345964275555,0.06827068580117857,-0.3147567168933912,0.0018810907248215083,-0.06328459697137395,-0.07533057369782259,-0.22032167343192163,-0.4761701085752573,0.8252293623000827,0.9361216336334643,0.9957617939713213,0.8226864680092245,0.899374302359306,0.6021461419416893,0.9997970597540328,0.8923412804501201,0.9561816124876169,0.9010919300405122,0.5083883369129643,0
AAAACATCGATTCAACATGT,+,chrXI,105537,105559,T1624I,S1625L,NA,"c(-5.085, -2.515)",5.085,TRUE,eProvs,YKL182W,FAS1,"Beta subunit of fatty acid synthetase; complex catalyzes the synthesis of long-chain saturated fatty acids; contains acetyltransacylase, dehydratase, enoyl reductase, malonyl transacylase, and palmitoyl transacylase activities",-0.1635078375775221,0.03676563619241214,0.0893333243609384,0.20286465155602854,0.13484091849681556,0.15291653335805633,-0.0796103730834751,0.029348101157867137,0.36747809431741396,0.13278695259469084,0.19202165778786928,0.8778964849175108,0.9770070580123799,0.9900021111221705,0.7583909399241219,0.899374302359306,0.6938574145854816,0.9893231864785965,0.898489895088481,0.7066613659035346,0.9010919300405122,0.8300339496131319,0
TACACATTTAGATCTGAAAA,+,chrXI,105954,105976,T1763I,NA,NA,-5.924,5.924,TRUE,eProvs,YKL182W,FAS1,"Beta subunit of fatty acid synthetase; complex catalyzes the synthesis of long-chain saturated fatty acids; contains acetyltransacylase, dehydratase, enoyl reductase, malonyl transacylase, and palmitoyl transacylase activities",-0.11115577959475959,-0.6818396487005771,-0.007855750502595056,0.17050038225975744,-0.1341739599321686,-0.05790327655093085,-0.07144943868588631,-0.524935293685011,0.3079165815856189,-0.13434371900762343,0.1356009156158644,0.9159196780203763,0.4064341326196521,0.998500356632898,0.8406158266747732,0.899374302359306,0.8515491165538704,0.9984519286682708,0.6882783246561424,0.8957320558487383,0.9010919300405122,0.9238178548108203,0
ACAACCAGCTTTAACTTTGA,+,chrXI,106001,106023,P1779L,NA,NA,-9.975,9.975,TRUE,eProvs,YKL182W,FAS1,"Beta subunit of fatty acid synthetase; complex catalyzes the synthesis of long-chain saturated fatty acids; contains acetyltransacylase, dehydratase, enoyl reductase, malonyl transacylase, and palmitoyl transacylase activities",-0.22967724161001318,0.1850446308035404,0.46561811571711964,0.20299907779267418,-0.19175395777520574,-0.1769453438788597,-0.34027933648181463,0.5031681829053218,0.31773744314160596,0.33300976428988455,0.16280564465761505,0.8708384271750184,0.9393511979893917,0.8581304233083766,0.8032503839623832,0.899374302359306,0.7743491507441312,0.9041976017438618,0.7373810731774366,0.9211428241194016,0.9010919300405122,0.9109485267541086,0
GCTGTTCCAAGAGATGAGTT,+,chrXI,106191,106213,P1843L,NA,NA,-9.626,9.626,TRUE,eProvs,YKL182W,FAS1,"Beta subunit of fatty acid synthetase; complex catalyzes the synthesis of long-chain saturated fatty acids; contains acetyltransacylase, dehydratase, enoyl reductase, malonyl transacylase, and palmitoyl transacylase activities",-0.13922340533188626,0.031265982643428954,0.37192674398978537,0.40386159490705825,-0.1903792128986394,-0.48937779524907665,0.31553983376949396,0.0676543769290342,-0.5394688328787948,0.16094925428550372,0.18915408608320022,0.9078034794672668,0.9800841377445317,0.9519194585064316,0.42432019503803864,0.899374302359306,0.3387716232821417,0.9018752970007345,0.8905783416441155,0.43364755673389505,0.9010919300405122,0.8981323646314735,0
CATTCCACCTACTTGATGAA,+,chrXI,106599,106621,S1978F,T1979I,NA,"c(-5.97, -3.202)",5.97,TRUE,eProvs,YKL182W,FAS1,"Beta subunit of fatty acid synthetase; complex catalyzes the synthesis of long-chain saturated fatty acids; contains acetyltransacylase, dehydratase, enoyl reductase, malonyl transacylase, and palmitoyl transacylase activities",NA,NA,NA,-0.7931870867345896,NA,NA,NA,NA,NA,NA,0.037133562889098436,NA,NA,NA,0.5434797262424327,NA,NA,NA,NA,NA,NA,0.9520992931724639,0
AAAACCATTCCAGGTTACTA,+,chrXI,106718,106740,P2018L,NA,NA,-9.498,9.498,TRUE,eProvs,YKL182W,FAS1,"Beta subunit of fatty acid synthetase; complex catalyzes the synthesis of long-chain saturated fatty acids; contains acetyltransacylase, dehydratase, enoyl reductase, malonyl transacylase, and palmitoyl transacylase activities",0.049148958323546044,-0.23415202788185768,-0.061507386004333135,0.046109346358886034,0.03153976559296874,0.395866788835825,-0.2179557036074462,0.2405473079778141,0.31654517855112563,0.1556881408487835,0.5410836617279766,0.9331079058336442,0.9079282764770387,0.9957617939713213,0.883086764962452,0.9136999700733112,0.41584752007431197,0.9643971266734528,0.8320388457403974,0.8844002507027617,0.9010919300405122,0.5639839830173518,0
GGTTACTAAGGAATATTTCC,+,chrXI,106730,106752,T2022I,NA,NA,-5.793,5.793,TRUE,eProvs,YKL182W,FAS1,"Beta subunit of fatty acid synthetase; complex catalyzes the synthesis of long-chain saturated fatty acids; contains acetyltransacylase, dehydratase, enoyl reductase, malonyl transacylase, and palmitoyl transacylase activities",0.035018511884558054,-0.19382752038447865,-0.22366573782441762,0.14274717248982186,-0.1680600467604898,0.2018414725821816,0.039861400255662635,0.5084232769647915,0.3150417078653449,-0.29704639016757245,0.4277651287183039,0.9365538817532715,0.9368854822419908,0.9886008371553309,0.8485907657887046,0.899374302359306,0.7408589882320299,0.9992383890561405,0.7051784437307136,0.9247091210121432,0.9010919300405122,0.7669967634320595,0
TTCGATCCTTTGATCAATTG,-,chrXI,56248,56270,P2366F,NA,NA,-10.986,10.986,TRUE,eProvs,YKL203C,TOR2,"PIK-related protein kinase and rapamycin target; subunit of TORC1, a complex that regulates growth in response to nutrients and TORC2, a complex that regulates cell-cycle dependent polarization of the actin cytoskeleton; involved in meiosis; TOR2 has a paralog, TOR1, that arose from the whole genome duplication",0.07669848866684685,0.04791565337345769,0.25683826004577903,-0.03882753771289684,-0.04948710056159777,0.02243579914599538,-0.17206231356931015,-0.1496377694572852,0.28591640787294537,0.065484321763108,-0.27674166220435154,0.9185851713818185,0.9744721032200966,0.9835550970677007,0.8823955051757935,0.9001679848235324,0.8633009542700273,0.9580479993507619,0.8579613733833374,0.8494603581988337,0.9010919300405122,0.7717125408512007,0
TTTCGATCCTTTGATCAATT,-,chrXI,56249,56271,P2366S,NA,NA,-7.99,7.99,TRUE,eProvs,YKL203C,TOR2,"PIK-related protein kinase and rapamycin target; subunit of TORC1, a complex that regulates growth in response to nutrients and TORC2, a complex that regulates cell-cycle dependent polarization of the actin cytoskeleton; involved in meiosis; TOR2 has a paralog, TOR1, that arose from the whole genome duplication",0.10934166203794196,0.28114312322548657,-0.22430697250764628,0.26786301264920903,-0.12745459677887827,-0.2307002120879401,0.19367665663318434,-0.046243623217785294,0.23717643719749293,0.034152313888719345,0.2262869571015974,0.9159196780203763,0.8705407532929983,0.9835550970677007,0.691311075882536,0.899374302359306,0.5967815644447277,0.946388538463179,0.8925903624145016,0.9119931572097898,0.9035285260128316,0.850155716570072,0
CCACCCTAGTAATTTGATGT,-,chrXI,56498,56520,P2282F,NA,NA,-10.986,10.986,TRUE,eProvs,YKL203C,TOR2,"PIK-related protein kinase and rapamycin target; subunit of TORC1, a complex that regulates growth in response to nutrients and TORC2, a complex that regulates cell-cycle dependent polarization of the actin cytoskeleton; involved in meiosis; TOR2 has a paralog, TOR1, that arose from the whole genome duplication",0.06183623036495372,0.12510202554899824,0.05259637410780228,-0.10130163468242437,-0.01488180424569772,-0.3000590166253242,-0.14807300102694432,-0.12650071581250294,0.05756108106622118,0.08125400981674362,-0.07632986484458643,0.9185387543502155,0.9295845156813467,0.9957617939713213,0.8310722317474701,0.9136999700733112,0.30018349209490613,0.9628469667498654,0.8491584448401465,0.9516691526161527,0.9010919300405122,0.9223725817429823,0
TAGGTCATCGGAAACGTGGT,-,chrXI,56594,56616,S2250L,NA,NA,-5.959,5.959,TRUE,eProvs,YKL203C,TOR2,"PIK-related protein kinase and rapamycin target; subunit of TORC1, a complex that regulates growth in response to nutrients and TORC2, a complex that regulates cell-cycle dependent polarization of the actin cytoskeleton; involved in meiosis; TOR2 has a paralog, TOR1, that arose from the whole genome duplication",-0.1505448687443692,0.016173220703127898,-0.6720467662167239,-0.08509161911610154,0.08999070480680847,0.2565163833755807,0.29478331789746454,0.3837063738087498,-0.03395803067215383,0.617141477275597,-0.3469532408356588,0.9180174468329864,0.9801175683591686,0.7382029332847957,0.8823955051757935,0.899374302359306,0.6690461656270783,0.9377809890438997,0.7827003382846405,0.9597109469362359,0.8048198962121577,0.794538363514053,0
CACGTTCCATGTATTAATTA,-,chrXI,56783,56805,H2188Y,NA,NA,-5.993,5.993,TRUE,eProvs,YKL203C,TOR2,"PIK-related protein kinase and rapamycin target; subunit of TORC1, a complex that regulates growth in response to nutrients and TORC2, a complex that regulates cell-cycle dependent polarization of the actin cytoskeleton; involved in meiosis; TOR2 has a paralog, TOR1, that arose from the whole genome duplication",0.3028163473405146,-0.07438637501645824,0.06178112354943291,-0.01032720849468056,-0.01816303483827303,0.11257015158652929,-0.054760395852388385,0.05362180268476284,-0.16219041737421422,0.21413904995534647,-0.15666055950801927,0.7553417493338556,0.970100171983532,0.9957617939713213,0.8929517495921632,0.9136999700733112,0.801331489464413,0.9992383890561405,0.8923412804501201,0.932346260433988,0.9010919300405122,0.8957791551125361,0
ACACGTTCCATGTATTAATT,-,chrXI,56784,56806,T2186M,NA,NA,-5.993,5.993,TRUE,eProvs,YKL203C,TOR2,"PIK-related protein kinase and rapamycin target; subunit of TORC1, a complex that regulates growth in response to nutrients and TORC2, a complex that regulates cell-cycle dependent polarization of the actin cytoskeleton; involved in meiosis; TOR2 has a paralog, TOR1, that arose from the whole genome duplication",0.1166869557272724,-0.41055800540876186,0.04137409344364142,-0.23251709931893266,-0.09062929672257457,-0.2216802969327397,-0.012357185026924709,0.048807452179509964,-0.5384201211029797,0.1589473310598005,-0.19188883622062552,0.9078010210471195,0.8108878945083293,0.9958664530261386,0.6604035462379657,0.899374302359306,0.635325499169836,0.9997970597540328,0.8923412804501201,0.45303939485454203,0.9010919300405122,0.8739496709609068,0
ATCTCCGAAGTCTGGGTTAC,-,chrXI,56825,56847,P2173L,NA,NA,-9.988,9.988,TRUE,eProvs,YKL203C,TOR2,"PIK-related protein kinase and rapamycin target; subunit of TORC1, a complex that regulates growth in response to nutrients and TORC2, a complex that regulates cell-cycle dependent polarization of the actin cytoskeleton; involved in meiosis; TOR2 has a paralog, TOR1, that arose from the whole genome duplication",-0.0014170073001075125,-0.4132359660512324,-0.3687292265025254,-0.1684378891263022,-0.5507035399600263,-0.42706350967368245,0.023930648578475825,0.020484454285466747,-0.4084662737331634,-0.22841509713186262,-0.44741742008835816,0.9439281540174859,0.7981444234265919,0.921994044604355,0.8278802795776072,0.27078147782131745,0.4461748531595849,0.9997970597540328,0.9037679076288113,0.82321300802246955,0.9010919300405122,0.5740797260685442,0
TCCCATTATCTCCGAAGTCT,-,chrXI,56832,56854,P2170L,NA,NA,-9.688,9.688,TRUE,eProvs,YKL203C,TOR2,"PIK-related protein kinase and rapamycin target; subunit of TORC1, a complex that regulates growth in response to nutrients and TORC2, a complex that regulates cell-cycle dependent polarization of the actin cytoskeleton; involved in meiosis; TOR2 has a paralog, TOR1, that arose from the whole genome duplication",-0.27797200419991647,0.0698819381341392,-0.09495776659514235,-0.1466523707268597,0.051371680694542676,0.11411857532387726,-0.1329910576017502,0.24865957389704518,-0.21806876674031447,0.24829924058585448,0.06750570606811224,0.7836091417408791,0.9682183278587788,0.9900021111221705,0.8070385661354829,0.899374302359306,0.7992695481301919,0.9681049608297475,0.8046037129879886,0.9059780562470802,0.8821319799429768,0.9360864744255641,0
AGGACATGAAGACATTAGAC,-,chrXI,56954,56976,H2130Y,NA,NA,-5.993,5.993,TRUE,eProvs,YKL203C,TOR2,"PIK-related protein kinase and rapamycin target; subunit of TORC1, a complex that regulates growth in response to nutrients and TORC2, a complex that regulates cell-cycle dependent polarization of the actin cytoskeleton; involved in meiosis; TOR2 has a paralog, TOR1, that arose from the whole genome duplication",-0.05748521272188165,0.10662305912597549,0.0536671968031161,0.15366857036235426,0.0638099353149858,-0.10264338067862351,0.01307177775272335,-0.028593431619570658,0.31355081139502133,0.27383870031855356,0.11528282749387907,0.9320787237780859,0.9577564337381402,0.9957617939713213,0.8342413664483836,0.899374302359306,0.8194270251266081,0.9997970597540328,0.902168545255223,0.8861876799446999,0.9010919300405122,0.9217822573223307,0
CCCGGGACCCGTGCAAGTGG,-,chrXI,57097,57119,T2083I,NA,NA,-5.408,5.408,TRUE,eProvs,YKL203C,TOR2,"PIK-related protein kinase and rapamycin target; subunit of TORC1, a complex that regulates growth in response to nutrients and TORC2, a complex that regulates cell-cycle dependent polarization of the actin cytoskeleton; involved in meiosis; TOR2 has a paralog, TOR1, that arose from the whole genome duplication",-0.30567436636286294,-0.19544144076429062,-0.2337721662232793,-0.2525334179256657,-0.03589571673419978,-0.10234664263881478,-0.09910184196995957,-0.42767610426654484,0.10833426761334686,-0.06436323492243211,-0.040144558560907366,0.7801500254114214,0.9253292491810028,0.9835550970677007,0.6943240273429853,0.9136999700733112,0.798526020182941,0.9870808123243678,0.6667037636489892,0.9380423239988291,0.9010919300405122,0.9423857316967222,0
GTCCCCGGGACCCGTGCAAG,-,chrXI,57100,57122,P2081F,NA,NA,-10.618,10.618,TRUE,eProvs,YKL203C,TOR2,"PIK-related protein kinase and rapamycin target; subunit of TORC1, a complex that regulates growth in response to nutrients and TORC2, a complex that regulates cell-cycle dependent polarization of the actin cytoskeleton; involved in meiosis; TOR2 has a paralog, TOR1, that arose from the whole genome duplication",-0.06097025980169163,0.20281611718870118,0.10018219900348618,0.10882794975936845,-0.07809851292841638,-8.43637982899047e-4,-0.4172330763604269,0.19663888819340122,0.09082550335814193,-0.09289633715636174,-0.1284176076826153,0.9213867756512546,0.9079282764770387,0.9900021111221705,0.8383709529607115,0.899374302359306,0.8733789256085412,0.5027872718163505,0.8249599503856715,0.9445493199674018,0.9010919300405122,0.9147810052054376,0
GAGAGGACCGGAAACTTTGA,-,chrXI,57341,57363,P2002S,NA,NA,-7.812,7.812,TRUE,eProvs,YKL203C,TOR2,"PIK-related protein kinase and rapamycin target; subunit of TORC1, a complex that regulates growth in response to nutrients and TORC2, a complex that regulates cell-cycle dependent polarization of the actin cytoskeleton; involved in meiosis; TOR2 has a paralog, TOR1, that arose from the whole genome duplication",-0.15228196506318875,-0.08724369276048462,0.15324447606838532,0.13182679434762948,0.07977460923816236,-0.125947184431737,-0.21080336693447574,-0.278049434708278,0.14044137338867416,0.007183577377554912,-0.1687368366910302,0.9090997104544035,0.9719908576688454,0.9886008371553309,0.8428603119447344,0.899374302359306,0.8054355348146696,0.9440860492249997,0.8352559510850864,0.9370878558708492,0.909344705132049,0.8981323646314735,0
AACCCAATCAAATTGTTAGT,-,chrXI,57675,57697,P1889L,NA,NA,-8.851,8.851,TRUE,eProvs,YKL203C,TOR2,"PIK-related protein kinase and rapamycin target; subunit of TORC1, a complex that regulates growth in response to nutrients and TORC2, a complex that regulates cell-cycle dependent polarization of the actin cytoskeleton; involved in meiosis; TOR2 has a paralog, TOR1, that arose from the whole genome duplication",-0.0707008253218069,0.17070453896952456,-0.03769302606890255,0.12126697224959544,-0.6926247435826182,-0.1605234858745198,-0.030072887796316436,0.18087301144862367,0.36337819017601874,-0.3978908855602226,0.1569991395804101,0.9298236900967429,0.9566998389113452,0.9978955511841576,0.8556483653753532,0.3344370940982379,0.7979885532891796,0.9997970597540328,0.8653969264536459,0.8462636721075698,0.9010919300405122,0.9134280120347782,0
GCTCTCTTCAAGATGCATTA,-,chrXI,57825,57847,S1839F,L1840F,NA,"c(-5.057, -3.998)",5.057,TRUE,eProvs,YKL203C,TOR2,"PIK-related protein kinase and rapamycin target; subunit of TORC1, a complex that regulates growth in response to nutrients and TORC2, a complex that regulates cell-cycle dependent polarization of the actin cytoskeleton; involved in meiosis; TOR2 has a paralog, TOR1, that arose from the whole genome duplication",-0.12793287208007303,-0.12242997476591196,0.023411574310290825,-0.04703736172942903,0.1539328181755233,-0.17642937331095265,-0.006263569742174474,-0.05604451118704515,-0.01370723332239584,-0.6234553065529246,-0.2997228487406572,0.9078010210471195,0.9566998389113452,0.998500356632898,0.8824949138367929,0.899374302359306,0.6873503409764334,0.9997970597540328,0.8905783416441155,0.9617645789110248,0.38518660372283464,0.656998646201924,0
AGCAATCCAGATTCGATCCT,-,chrXI,58132,58154,P1738L,NA,NA,-5.68,5.68,TRUE,eProvs,YKL203C,TOR2,"PIK-related protein kinase and rapamycin target; subunit of TORC1, a complex that regulates growth in response to nutrients and TORC2, a complex that regulates cell-cycle dependent polarization of the actin cytoskeleton; involved in meiosis; TOR2 has a paralog, TOR1, that arose from the whole genome duplication",0.1059508713916869,-0.19275258041349339,-0.2215458737575626,-0.034021721571471056,-0.03172605768795097,0.04703177970843975,-0.24699028234265885,-0.4018793894359504,0.1711838818999846,0.14079519407993085,-0.18310296418275154,0.9114551460681516,0.9079282764770387,0.9814604390221691,0.8823955051757935,0.9136999700733112,0.8391660904478064,0.8904864357041027,0.6549939295870686,0.9210093808854138,0.9010919300405122,0.8343175550322279,0
AATTCTGCGTGTCAGATCAT,-,chrXI,58559,58581,R1596C,NA,NA,-5.602,5.602,TRUE,eProvs,YKL203C,TOR2,"PIK-related protein kinase and rapamycin target; subunit of TORC1, a complex that regulates growth in response to nutrients and TORC2, a complex that regulates cell-cycle dependent polarization of the actin cytoskeleton; involved in meiosis; TOR2 has a paralog, TOR1, that arose from the whole genome duplication",0.19090714037493972,-0.11797372194327187,0.19381620774029656,0.02038858073755341,0.08473549376831932,0.03193068250194704,-0.2103738968951053,-0.36063152810093785,0.14616034598650499,-0.1830616501735593,-0.004249599596362077,0.8252293623000827,0.9566998389113452,0.9863048109504592,0.8929517495921632,0.899374302359306,0.8591513801995324,0.9133925516929571,0.683732490398426,0.932346260433988,0.9010919300405122,0.9536692002109531,0
AGATTCGGTTGAAGTGATGA,-,chrXI,59060,59082,S1428L,NA,NA,-5.242,5.242,TRUE,eProvs,YKL203C,TOR2,"PIK-related protein kinase and rapamycin target; subunit of TORC1, a complex that regulates growth in response to nutrients and TORC2, a complex that regulates cell-cycle dependent polarization of the actin cytoskeleton; involved in meiosis; TOR2 has a paralog, TOR1, that arose from the whole genome duplication",0.28869069119871277,0.17404298211203886,0.1587223788805391,0.044855788976550494,0.2538307581751585,0.2658286673539791,0.06188614530586888,-0.2204785208276115,-0.30789157452067395,0.12201968677596928,0.7751441193088268,0.8509294418391938,0.9566998389113452,0.9886008371553309,0.884347540860039,0.8727787371582955,0.6787809777597342,0.9992383890561405,0.8492134655004578,0.9003468777828094,0.9010919300405122,0.11125746358637814,0
TGCTTCATTCTCAAGTTGCT,-,chrXI,59501,59523,S1281L,NA,NA,-5.078,5.078,TRUE,eProvs,YKL203C,TOR2,"PIK-related protein kinase and rapamycin target; subunit of TORC1, a complex that regulates growth in response to nutrients and TORC2, a complex that regulates cell-cycle dependent polarization of the actin cytoskeleton; involved in meiosis; TOR2 has a paralog, TOR1, that arose from the whole genome duplication",0.14544808665540046,0.5848144111554072,-0.10967768873346732,-0.30995675196516015,0.1362028753903226,0.013925448543018,-0.082870927031134,-0.04467848939632567,0.13003349587398927,0.038487561256056964,0.01034559232996832,0.8778964849175108,0.40170668408061383,0.9900021111221705,0.6169994239458904,0.899374302359306,0.8659698149663305,0.9899704677536119,0.8949707291340713,0.9370878558708492,0.9035285260128316,0.952599514757767,0
ATGCTTCATTCTCAAGTTGC,-,chrXI,59502,59524,A1280V,S1281L,NA,"c(-1.811, -5.078)",5.078,TRUE,eProvs,YKL203C,TOR2,"PIK-related protein kinase and rapamycin target; subunit of TORC1, a complex that regulates growth in response to nutrients and TORC2, a complex that regulates cell-cycle dependent polarization of the actin cytoskeleton; involved in meiosis; TOR2 has a paralog, TOR1, that arose from the whole genome duplication",-0.23411310056235052,0.5443177082974465,-0.31188153667493895,0.08892596240584384,0.12561863457401407,0.15735464772795832,-0.37485760099718085,0.1263725824986455,-0.034229122331987,0.02115756845267695,0.06503127760987987,0.8252293623000827,0.17665446105821322,0.9122190107722158,0.8481331005305803,0.899374302359306,0.7556266180508924,0.6706830548765244,0.872013969384069,0.9592047528488279,0.9035285260128316,0.9360864744255641,0
GCTATCTATTCAGCTTCTAA,-,chrXI,59600,59622,S1248F,NA,NA,-5.691,5.691,TRUE,eProvs,YKL203C,TOR2,"PIK-related protein kinase and rapamycin target; subunit of TORC1, a complex that regulates growth in response to nutrients and TORC2, a complex that regulates cell-cycle dependent polarization of the actin cytoskeleton; involved in meiosis; TOR2 has a paralog, TOR1, that arose from the whole genome duplication",NA,NA,0.21324357595243373,NA,0.012180598130348582,0.24847916074765072,0.5965722401108684,NA,NA,-0.02489913235914324,0.43882069347174757,NA,NA,0.9900021111221705,NA,0.9223116119663574,0.7760219259321091,0.8522907139394835,NA,NA,0.9035285260128316,0.8287753034350196,0
CTTTGTGCCAGTGATTAACA,-,chrXI,59861,59883,P1162S,NA,NA,-7.113,7.113,TRUE,eProvs,YKL203C,TOR2,"PIK-related protein kinase and rapamycin target; subunit of TORC1, a complex that regulates growth in response to nutrients and TORC2, a complex that regulates cell-cycle dependent polarization of the actin cytoskeleton; involved in meiosis; TOR2 has a paralog, TOR1, that arose from the whole genome duplication",-0.019188595596279973,-0.15527582891061337,0.2478221946564102,-0.48052679416057065,-0.037787735257538854,0.0854964120793678,-0.0017209070810629283,0.045838881042426526,-0.2547323802486287,0.10315112942688656,-0.07040693484218032,0.9395758353957084,0.9361216336334643,0.9835550970677007,0.45542771658904613,0.9107067532739511,0.8269486331765185,0.9997970597540328,0.8945201975910521,0.8807223276165539,0.9010919300405122,0.9360864744255641,0
GCTTCCTCTGGTTATGTTGT,-,chrXI,60847,60869,S832F,S833F,NA,"c(-5.819, -5.14)",5.819,TRUE,eProvs,YKL203C,TOR2,"PIK-related protein kinase and rapamycin target; subunit of TORC1, a complex that regulates growth in response to nutrients and TORC2, a complex that regulates cell-cycle dependent polarization of the actin cytoskeleton; involved in meiosis; TOR2 has a paralog, TOR1, that arose from the whole genome duplication",-0.27184069679499595,0.18623425783199138,-0.12029684337563278,-0.09925521217119325,-0.07259982151288312,0.13824550650090597,0.6229501872886303,0.17428516932714352,0.10350888546132336,-0.09284855177906856,0.20601821624273847,0.8509294418391938,0.9566998389113452,0.9900021111221705,0.8653815864564705,0.899374302359306,0.815549417070037,0.6662758842565102,0.8647896248419492,0.9529223726287784,0.9010919300405122,0.8981323646314735,0
TGGACCAAAGTCTAATATGT,-,chrXI,102166,102188,G505N,NA,NA,-5.893,5.893,TRUE,eProvs,YKL182W,FAS1,"Beta subunit of fatty acid synthetase; complex catalyzes the synthesis of long-chain saturated fatty acids; contains acetyltransacylase, dehydratase, enoyl reductase, malonyl transacylase, and palmitoyl transacylase activities",-0.031846734314161705,-0.029941020606690488,-0.02485036560351088,-0.08699936657248893,0.027368773154283602,-0.38627758071150814,0.1056436183033115,0.11516363950767232,-0.3146875845552293,0.4874398736834161,-0.016326581170094955,0.9347763502769241,0.9783456123283197,0.998500356632898,0.8653815864564705,0.9136999700733112,0.360685473161125,0.9838040781538777,0.8785046563249945,0.8058326948805185,0.6024939298602633,0.9520992931724639,0
CTGGACCAAAGTCTAATATG,-,chrXI,102167,102189,G505N,NA,NA,-5.893,5.893,TRUE,eProvs,YKL182W,FAS1,"Beta subunit of fatty acid synthetase; complex catalyzes the synthesis of long-chain saturated fatty acids; contains acetyltransacylase, dehydratase, enoyl reductase, malonyl transacylase, and palmitoyl transacylase activities",-0.03806991467611871,-0.37570149750772,-0.31745174424218736,-0.09531744489084079,0.256226280797697,0.06538085659538771,0.30767305977109205,-0.32629507824746057,0.22833966286848845,0.1564564564210966,0.09346499264392392,0.9332036640629826,0.8681703891973452,0.9835550970677007,0.863360630672175,0.8834709265854188,0.841773206446838,0.8784355988058572,0.7827003382846405,0.9211428241194016,0.9010919300405122,0.9277570950376052,0
CCTAAACCGGAAGCTCCACC,-,chrXI,102186,102208,G511N,NA,NA,-5.893,5.893,TRUE,eProvs,YKL182W,FAS1,"Beta subunit of fatty acid synthetase; complex catalyzes the synthesis of long-chain saturated fatty acids; contains acetyltransacylase, dehydratase, enoyl reductase, malonyl transacylase, and palmitoyl transacylase activities",-0.3142721073041581,0.9219302679470766,-0.276121138326513,-0.20942649266598876,-0.609204272603532,-0.2892267340573717,-0.00776093539572301,0.09601067468148268,-0.5576240971502286,-1.1102849893117974,-0.22973042817311026,0.8509294418391938,0.2155559267088061,0.9863048109504592,0.8314756863859234,0.5480769928557708,0.7435525589390627,0.9997970597540328,0.8913710270366417,0.7800842275797273,0.07467559955031192,0.8985234784243709,0
ATACCAGGAACCAATAAAGG,-,chrXI,102438,102460,G596N,NA,NA,-5.893,5.893,TRUE,eProvs,YKL182W,FAS1,"Beta subunit of fatty acid synthetase; complex catalyzes the synthesis of long-chain saturated fatty acids; contains acetyltransacylase, dehydratase, enoyl reductase, malonyl transacylase, and palmitoyl transacylase activities",NA,NA,NA,-0.36154176774264674,-0.22705124755312703,NA,NA,NA,NA,NA,NA,NA,NA,NA,0.8290642078603435,0.899374302359306,NA,NA,NA,NA,NA,NA,0
ATGACCACCACCTCTACCAC,-,chrXI,102868,102890,G738D,G739N,NA,"c(-6.864, -5.883)",6.864,TRUE,eProvs,YKL182W,FAS1,"Beta subunit of fatty acid synthetase; complex catalyzes the synthesis of long-chain saturated fatty acids; contains acetyltransacylase, dehydratase, enoyl reductase, malonyl transacylase, and palmitoyl transacylase activities",NA,NA,-0.17337123510360922,-0.3941978433466623,NA,NA,-0.39360732208750404,NA,NA,NA,NA,NA,NA,0.9900021111221705,0.7607059571614462,NA,NA,0.9122880806486855,NA,NA,NA,NA,0
AGTCACCATCGACCGTATTA,-,chrXI,104687,104709,G1345N,D1346N,NA,"c(-5.852, -4.988)",5.852,TRUE,eProvs,YKL182W,FAS1,"Beta subunit of fatty acid synthetase; complex catalyzes the synthesis of long-chain saturated fatty acids; contains acetyltransacylase, dehydratase, enoyl reductase, malonyl transacylase, and palmitoyl transacylase activities",0.06473140136920312,-0.15324388851010803,-0.3823938880693266,0.18000980040181705,-0.0028674118669349525,0.38483406345037247,0.43974809935509956,0.5915542483491529,0.11581544295745642,0.5126909393059973,-0.00912254468456119,0.9270374008436644,0.9566998389113452,0.9062456300466837,0.809668034076422,0.9233650468657963,0.4658772771977809,0.8277490868548997,0.683732490398426,0.9445493199674018,0.7410755972737508,0.9533399669733418,0
GTTGCCTCTGTAGAAGAATG,-,chrXI,104893,104915,R1413K,G1414N,NA,"c(-2.993, -5.985)",5.985,TRUE,eProvs,YKL182W,FAS1,"Beta subunit of fatty acid synthetase; complex catalyzes the synthesis of long-chain saturated fatty acids; contains acetyltransacylase, dehydratase, enoyl reductase, malonyl transacylase, and palmitoyl transacylase activities",-0.3465811763430385,-0.549843593013228,-0.6006190850418943,0.17706391045046385,0.035694173449148506,-0.2905925921868424,-0.18910171264019046,-0.021794561093932106,-0.12615045268793748,0.034910160748880835,-0.24221564149661726,0.6307854156783139,0.4189291806473286,0.43292769150113997,0.7859412318589621,0.9136999700733112,0.5755163779014455,0.9380142242015895,0.9010408002400644,0.9370878558708492,0.9035285260128316,0.7362439349169269,0
TCACCAGAAACTCTAGCGTA,-,chrXI,105324,105346,G1558N,NA,NA,-5.985,5.985,TRUE,eProvs,YKL182W,FAS1,"Beta subunit of fatty acid synthetase; complex catalyzes the synthesis of long-chain saturated fatty acids; contains acetyltransacylase, dehydratase, enoyl reductase, malonyl transacylase, and palmitoyl transacylase activities",0.079625003702964825,-0.34134133881223505,-0.46602031481994527,-0.11822625048340582,-0.3655188322822945,0.43985298922204924,0.25917725242072576,-0.3953139457330145,0.1378091742781437,0.07919439676174311,-0.018930096401832953,0.918600008800595,0.777093017718244,0.765403706477805,0.8342413664483836,0.7348488511790748,0.28087482535554453,0.90591561503473506,0.683732490398426,0.9339991604618919,0.9010919300405122,0.952050066305024,0
ATACCGTGCGTGATAGTACC,-,chrXI,105396,105418,G1582N,NA,NA,-5.985,5.985,TRUE,eProvs,YKL182W,FAS1,"Beta subunit of fatty acid synthetase; complex catalyzes the synthesis of long-chain saturated fatty acids; contains acetyltransacylase, dehydratase, enoyl reductase, malonyl transacylase, and palmitoyl transacylase activities",NA,-0.5684856115891755,NA,-0.8961453044319669,-0.40035847513672634,-0.49807605072212413,NA,NA,NA,NA,NA,NA,0.890504104000391,NA,0.27020843356667346,0.873018409695346,0.5689198918140298,NA,NA,NA,NA,NA,0
ACCTTGACCAGTGAAAACGA,-,chrXI,105658,105680,G1668D,NA,NA,-6.983,6.983,TRUE,eProvs,YKL182W,FAS1,"Beta subunit of fatty acid synthetase; complex catalyzes the synthesis of long-chain saturated fatty acids; contains acetyltransacylase, dehydratase, enoyl reductase, malonyl transacylase, and palmitoyl transacylase activities",-0.1977694663811747,NA,NA,-0.16327627414322965,0.14277559917206797,-0.18429223621830884,0.35732941362567766,NA,-0.07724014507827451,0.19181938189131179,-0.26802505270872845,0.9078034794672668,NA,NA,0.851324891818812,0.899374302359306,0.8241234402152202,0.9120359500336738,NA,0.9592047528488279,0.9010919300405122,0.9217822573223307,0
GATCTGCCCAACTCATCTCT,-,chrXI,106197,106219,G1848N,R1849K,NA,"c(-5.98, -2.979)",5.98,TRUE,eProvs,YKL182W,FAS1,"Beta subunit of fatty acid synthetase; complex catalyzes the synthesis of long-chain saturated fatty acids; contains acetyltransacylase, dehydratase, enoyl reductase, malonyl transacylase, and palmitoyl transacylase activities",-0.0023254008204784435,-0.6345629256971639,-0.4099718754258381,0.017678014133936843,-0.299748391843979,-0.1945514508882554,-0.008415972070925664,-0.2279753932523754,-0.07001844417766308,-0.027440925010755464,0.16587072277723325,0.9422783085781977,0.0014699046396790926,0.48342563705833225,0.8929517495921632,0.5007587797858886,0.5058165770629242,0.9997970597540328,0.7737285910384232,0.9431975485970138,0.9035285260128316,0.7714543986408746,1
AAACCTCTCTCCAATTTAAG,-,chrXI,106539,106561,R1962K,G1963N,NA,"c(-2.984, -5.967)",5.967,TRUE,eProvs,YKL182W,FAS1,"Beta subunit of fatty acid synthetase; complex catalyzes the synthesis of long-chain saturated fatty acids; contains acetyltransacylase, dehydratase, enoyl reductase, malonyl transacylase, and palmitoyl transacylase activities",-0.239348742036718,-0.1419893450385899,-0.26409860957522574,-0.2988577809519614,-0.12130642209059547,-0.309204515674396,0.12299980751381458,-0.16360390032740238,0.414473348775829,-0.4285566335376871,0.17280325465828295,0.8778964849175108,0.9566998389113452,0.9865732376289147,0.6696347560064524,0.899374302359306,0.5758503613459943,0.9860280803880013,0.8738734514121391,0.8136953857895507,0.8465973054398374,0.8981323646314735,0
AACACCATTCATCAAGTAGG,-,chrXI,106603,106625,G1984N,NA,NA,-5.899,5.899,TRUE,eProvs,YKL182W,FAS1,"Beta subunit of fatty acid synthetase; complex catalyzes the synthesis of long-chain saturated fatty acids; contains acetyltransacylase, dehydratase, enoyl reductase, malonyl transacylase, and palmitoyl transacylase activities",0.2123058919214446,0.010941726486470895,0.05690436421542248,0.5290331243512715,0.3278441526754096,-0.0752232786445179,0.37397810158645317,0.011138185076547099,-0.5043535803546813,0.11935487733847107,0.34494376738639765,0.8509294418391938,0.9803477909882717,0.9957617939713213,0.35091925933292795,0.8021759354367789,0.8349262718160116,0.8209463254020629,0.9056236430255463,0.6258416903989188,0.9010919300405122,0.6177765437651939,0
TTTAACACCATTCATCAAGT,-,chrXI,106606,106628,G1984D,V1985I,NA,"c(-6.882, -0.983)",6.882,TRUE,eProvs,YKL182W,FAS1,"Beta subunit of fatty acid synthetase; complex catalyzes the synthesis of long-chain saturated fatty acids; contains acetyltransacylase, dehydratase, enoyl reductase, malonyl transacylase, and palmitoyl transacylase activities",-0.3089870923655814,-1.0004945859359349,-0.7495654643624157,0.95508366435675085,-0.03272555177927094,0.23750046379459605,0.46682010612561814,0.5731992061599002,-0.06350669254483013,-0.021894291422093887,-0.30126302997826643,0.8252293623000827,0.02316987179495702,0.5672138255245004,0.015923275407578527,0.9136999700733112,0.7491251479114261,0.8583246293378678,0.6447218493719555,0.95843677680226,0.9035285260128316,0.8259095723068232,2
AATCTTCGTTTCACTAAAAA,-,chrXII,582324,582346,L1050F,R1051C,NA,"c(-2.767, -6.233)",6.233,TRUE,eProvs,YLR223C,IFH1,"Coactivator, regulates transcription of ribosomal protein (RP) genes; recruited to RP gene promoters during optimal growth conditions via Fhl1p; subunit of CURI, a complex that coordinates RP production and pre-rRNA processing; regulated by acetylation and phosphorylation at different growth states via TORC1 signaling; IFH1 has a paralog, CRF1, that arose from the whole genome duplication",0.11377224451502899,-0.20156138942805796,0.3497091516950975,0.1228203471469431,0.28166499252163274,0.0975820106987805,0.6537894608884841,0.5953352599347962,0.15268531261394358,0.5931528779099557,0.0903663217222921,0.9155902702585993,0.9372891648592893,0.9863048109504592,0.8519034839880588,0.8977540614829878,0.8369747979339153,0.7447699065109519,0.7145214274441439,0.9370878558708492,0.7878856342048491,0.9360864744255641,0
AAAGTTCCCATTGGCTATAT,-,chrXII,582924,582946,P851F,NA,NA,-9.1,9.1,TRUE,eProvs,YLR223C,IFH1,"Coactivator, regulates transcription of ribosomal protein (RP) genes; recruited to RP gene promoters during optimal growth conditions via Fhl1p; subunit of CURI, a complex that coordinates RP production and pre-rRNA processing; regulated by acetylation and phosphorylation at different growth states via TORC1 signaling; IFH1 has a paralog, CRF1, that arose from the whole genome duplication",-0.2208376516617315,-0.21868364160427428,0.46675536385320415,0.08155743232478861,-2.1575648014844403e-4,0.9471994500085281,0.43199072476948863,-0.2167759968200198,-0.02133136556166278,-0.3988187240947305,0.579090128876803,0.8778964849175108,0.9253292491810028,0.8376624932017148,0.8653815864564705,0.9240126148570994,9.348949150663898e-4,0.8206904894015628,0.8500731110540201,0.9617528773385083,0.885442991850608,0.5646896135151035,1
TCCACCAAAATTGGGTACTT,-,chrXII,583330,583352,P715L,NA,NA,-9.667,9.667,TRUE,eProvs,YLR223C,IFH1,"Coactivator, regulates transcription of ribosomal protein (RP) genes; recruited to RP gene promoters during optimal growth conditions via Fhl1p; subunit of CURI, a complex that coordinates RP production and pre-rRNA processing; regulated by acetylation and phosphorylation at different growth states via TORC1 signaling; IFH1 has a paralog, CRF1, that arose from the whole genome duplication",-0.827909942503205,-0.09166418586690814,-0.11750299755947827,-0.09836522251236685,-0.06915702565884989,-2.155835881667553,-0.7640796941081532,-0.3691937053860559,0.08442946117686685,-0.5690092234520973,-0.3957437102119365,0.08343402673927988,0.9715962165645738,0.9901572224948187,0.8653815864564705,0.899374302359306,2.539438608787981e-16,0.09643869232458095,0.7781259154836959,0.9552783308191923,0.5890236754339455,0.6582074766724774,1
GGATTACGTCCACCAAAATT,-,chrXII,583338,583360,R713C,NA,NA,-5.7,5.7,TRUE,eProvs,YLR223C,IFH1,"Coactivator, regulates transcription of ribosomal protein (RP) genes; recruited to RP gene promoters during optimal growth conditions via Fhl1p; subunit of CURI, a complex that coordinates RP production and pre-rRNA processing; regulated by acetylation and phosphorylation at different growth states via TORC1 signaling; IFH1 has a paralog, CRF1, that arose from the whole genome duplication",0.22393311430444784,0.06799184862743218,0.09893080689977933,0.2583072921884043,0.16819562712956257,-0.05321135439461156,-0.05065205592163496,-0.4187980020376767,0.4061446448937812,-0.07097119165553104,0.39490502729657223,0.8509294418391938,0.9719908576688454,0.9900021111221705,0.7356996901380642,0.8977540614829878,0.8523041009811381,0.9992383890561405,0.6773217373214674,0.7800842275797273,0.9010919300405122,0.4750505686203967,0
TGGATTACGTCCACCAAAAT,-,chrXII,583339,583361,R713C,NA,NA,-5.7,5.7,TRUE,eProvs,YLR223C,IFH1,"Coactivator, regulates transcription of ribosomal protein (RP) genes; recruited to RP gene promoters during optimal growth conditions via Fhl1p; subunit of CURI, a complex that coordinates RP production and pre-rRNA processing; regulated by acetylation and phosphorylation at different growth states via TORC1 signaling; IFH1 has a paralog, CRF1, that arose from the whole genome duplication",-0.07122638570698223,-0.06740076680705494,-0.1177942181810127,-0.13019185135688416,0.07820825237138712,0.04866257406376292,-0.19374196835143867,0.18400450257749718,-0.17518939267645142,0.22273631958580328,-0.16304481944284122,0.9213867756512546,0.9719908576688454,0.9900021111221705,0.844025944126012,0.899374302359306,0.8523213799858314,0.9389443295211382,0.8599313490878628,0.9363574206404519,0.9010919300405122,0.8981323646314735,0
AACTGCCAGCAAATATTAAA,-,chrXII,585410,585432,P22L,NA,NA,-5.583,5.583,TRUE,eProvs,YLR223C,IFH1,"Coactivator, regulates transcription of ribosomal protein (RP) genes; recruited to RP gene promoters during optimal growth conditions via Fhl1p; subunit of CURI, a complex that coordinates RP production and pre-rRNA processing; regulated by acetylation and phosphorylation at different growth states via TORC1 signaling; IFH1 has a paralog, CRF1, that arose from the whole genome duplication",-0.09631227011955962,0.05393158333639055,1.8200351574664553e-4,-0.12963175265823507,-0.1621351112510288,0.23682153474247455,-0.012639827912109606,0.028967458668931884,-0.0837342238944056,0.02452301172991887,0.28594007372738056,0.9185387543502155,0.9719908576688454,0.9996855875316392,0.8326242430518059,0.899374302359306,0.6427800624834141,0.9997970597540328,0.8998851788477203,0.9478890123221253,0.9035285260128316,0.7345699023056512,0
AAGCAGCAAGCTGCACCCGG,-,chrXIV,439657,439679,Q299*,Q300*,NA,"c(NA, NA)",NA,FALSE,neStops,YNL098C,RAS2,"GTP-binding protein; regulates nitrogen starvation response, sporulation, and filamentous growth; farnesylation and palmitoylation required for activity and localization to plasma membrane; homolog of mammalian Ras proto-oncogenes; RAS2 has a paralog, RAS1, that arose from the whole genome duplication",-0.08641852179850239,0.24229447319336092,0.25145943170048946,-0.35710447213960084,0.0331716657200189,0.4179851863145726,0.42231695879490977,-0.4152272274057778,-0.24272149377975746,-0.355779396292573,-9.636559243302841e-4,0.9249927006197736,0.9253292491810028,0.9835550970677007,0.6862737832222117,0.9136999700733112,0.49761481868694046,0.8195570092999944,0.7598071316285901,0.926286276684413,0.9010919300405122,0.9543690349344781,0
CAACGCTCAAAGCGCTAATA,-,chrXIV,439742,439764,A271V,Q272*,NA,"c(-0.471, NA)",0.471,FALSE,neStops,YNL098C,RAS2,"GTP-binding protein; regulates nitrogen starvation response, sporulation, and filamentous growth; farnesylation and palmitoylation required for activity and localization to plasma membrane; homolog of mammalian Ras proto-oncogenes; RAS2 has a paralog, RAS1, that arose from the whole genome duplication",-0.29762563055653185,-0.018321137445314637,-0.14568917026453954,0.21910905033779726,0.23594407285303218,-0.5642860603503048,NA,1.4252493186858206,-0.9975314210048154,-0.47849658199986095,-1.117686466881716,0.8544591026801771,0.9801175683591686,0.9900021111221705,0.8090750441923379,0.8921731341158986,0.3998188985233083,NA,0.014643194147233954,0.06322495399093457,0.885442991850608,0.0159834437004379,2
TGCTAAGCAAGCAATCAACG,-,chrXIV,440090,440112,Q156*,NA,NA,"NA",NA,FALSE,neStops,YNL098C,RAS2,"GTP-binding protein; regulates nitrogen starvation response, sporulation, and filamentous growth; farnesylation and palmitoylation required for activity and localization to plasma membrane; homolog of mammalian Ras proto-oncogenes; RAS2 has a paralog, RAS1, that arose from the whole genome duplication",-0.14701697194339808,-0.09420455755608925,0.041099390280173606,0.2239852007675597,0.2726570991501222,NA,-0.2077792346290329,0.6496771628486645,-1.845381588544177e-4,0.08677298994194137,0.049620562544063,0.9185387543502155,0.9719908576688454,0.998500356632898,0.8191514945667709,0.8977540614829878,NA,0.9754119441222412,0.674744367672503,0.9638624584099481,0.9035285260128316,0.9476788620889364,0
CGAAAAACAGGTCTCTTACC,-,chrXIV,440162,440184,Q132*,NA,NA,"NA",NA,FALSE,neStops,YNL098C,RAS2,"GTP-binding protein; regulates nitrogen starvation response, sporulation, and filamentous growth; farnesylation and palmitoylation required for activity and localization to plasma membrane; homolog of mammalian Ras proto-oncogenes; RAS2 has a paralog, RAS1, that arose from the whole genome duplication",0.0010318706764451623,0.03333620874327867,-0.07128197539516314,0.1653471615448202,0.030898400810615408,-0.2763683034878234,0.01190728743701798,0.20217285612025393,-0.03341113989185105,0.07260209438451089,0.03741486084840408,0.9439281540174859,0.9789647779336993,0.9957617939713213,0.8070385661354829,0.9136999700733112,0.632712167780923,0.9997970597540328,0.8500731110540201,0.9592047528488279,0.9010919300405122,0.9476788620889364,0
TATGTTCCAATTGTGGTTGT,-,chrXIV,440206,440228,P117L,NA,NA,-9.98,9.98,FALSE,neProvs,YNL098C,RAS2,"GTP-binding protein; regulates nitrogen starvation response, sporulation, and filamentous growth; farnesylation and palmitoylation required for activity and localization to plasma membrane; homolog of mammalian Ras proto-oncogenes; RAS2 has a paralog, RAS1, that arose from the whole genome duplication",0.08634036164745688,-0.19036961344783696,-0.2512309249783533,0.18908169671316363,0.16486840076692452,NA,-0.13389133051853552,0.056214672433389304,-0.12094790629660412,0.43991633730710983,-0.049523306699820475,0.9313496232087872,0.9566998389113452,0.9886008371553309,0.8295121106742536,0.899374302359306,NA,0.9899704677536119,0.8994423971329083,0.957552913083892,0.8957658114248316,0.9502085924491941,0
GGATTCATACAGGAAGCAAG,-,chrXIV,440417,440439,S46L,NA,NA,-5.882,5.882,FALSE,neProvs,YNL098C,RAS2,"GTP-binding protein; regulates nitrogen starvation response, sporulation, and filamentous growth; farnesylation and palmitoylation required for activity and localization to plasma membrane; homolog of mammalian Ras proto-oncogenes; RAS2 has a paralog, RAS1, that arose from the whole genome duplication",0.35726474794208923,-0.3057915997665035,-0.19916953366677526,0.14685303264000496,-0.4194409492575258,0.07451152193297081,-0.9351658244395099,-0.8003285975888679,0.9277545259362702,0.027255555147165052,0.41678251788980203,0.7986220796792001,0.9079282764770387,0.9894633278452561,0.8405650109115266,0.8750569206536146,0.8459073664760528,0.29275712241914786,0.5146579130783127,0.09387170994548051,0.9035285260128316,0.7143749026391778,0
GAGTCCCATGCTCTCTAAAT,+,chrXV,69754,69776,M95I,G96K,NA,"c(-2.664, -7.062)",7.062,TRUE,eProvs,YOL135C,MED7,Subunit of the RNA polymerase II mediator complex; associates with core polymerase subunits to form the RNA polymerase II holoenzyme; essential for transcriptional regulation,-0.1663838358074836,0.2997410533288795,-0.22215327027488335,-0.08113814144433215,-0.4567880269520035,0.18945182060402868,0.35284198228871144,-0.6843973104579,-0.8956480792775348,-0.5189202674484273,0.04118973712789337,0.8778964849175108,0.8868105634798743,0.9885979994596145,0.8670745105728385,0.666474765536778,0.7180260102177549,0.8567897002192847,0.24111003904349498,0.017072760617350396,0.6569338670721095,0.9437555417542177,1
AGAGTCCCTTATTATGCTAT,-,chrXV,69510,69532,S173F,L174F,NA,"c(-5.786, -3.857)",5.786,TRUE,eProvs,YOL135C,MED7,Subunit of the RNA polymerase II mediator complex; associates with core polymerase subunits to form the RNA polymerase II holoenzyme; essential for transcriptional regulation,-0.08505358435538408,0.12309295012310709,-0.3366766431968594,0.06901068055022389,-0.003804948959145629,0.22973713872227058,0.03204138670587173,0.6680496490355395,0.7655251470218344,0.2107892853541929,-0.24654020827100917,0.9185387543502155,0.9566998389113452,0.9519194585064316,0.871281306454196,0.9232026484380205,0.6811979475694299,0.9992383890561405,0.33003105130904214,0.040774922660271405,0.9010919300405122,0.8060327053820769,1
TGATAAACCCAGGTCAGACC,+,chrXVI,504882,504904,G475D,NA,NA,-5.759,5.759,FALSE,neProvs,YPL023C,MET12,Protein with MTHFR activity in vitro; null mutant has no phenotype and is prototrophic for methionine; MET13 encodes major isozyme of methylenetetrahydrofolate reductase (MTHFR),0.040018266283305286,-0.04404356628171923,-0.12301780046953817,-0.041407060976519486,0.10323713276665691,0.4233875908072582,0.24966198389075328,0.3085712541424113,0.12646582688520297,0.24933532950617204,0.04928873682281295,0.9331079058336442,0.9770070580123799,0.9900021111221705,0.8880041730814883,0.899374302359306,0.40726936500614846,0.9122880806486855,0.7925763025178147,0.9376441433392351,0.9010919300405122,0.9401562734111644,0
AGCCAATCTTCCCCAATAGG,+,chrXVI,505960,505982,D116N,W117*,NA,"c(-1.754, NA)",1.754,FALSE,neStops,YPL023C,MET12,Protein with MTHFR activity in vitro; null mutant has no phenotype and is prototrophic for methionine; MET13 encodes major isozyme of methylenetetrahydrofolate reductase (MTHFR),0.29488149462568386,-0.010953226074057026,0.09923810462271344,-0.1881286763638345,0.49385163832936047,-0.6220250663619534,0.31244844692429047,0.4285007007970885,-0.3739482422596888,-0.6678972644003808,0.4661424240500698,0.8509294418391938,0.9803477909882717,0.9957617939713213,0.8353827214724645,0.5560314061137333,0.28577669839914366,0.8975689480138425,0.7925763025178147,0.8890821762470396,0.6790402371708972,0.5740797260685442,0
GTCCCTAATTCAGTCTTTGG,+,chrXVI,506230,506252,G27K,NA,NA,-7.533,7.533,FALSE,neProvs,YPL023C,MET12,Protein with MTHFR activity in vitro; null mutant has no phenotype and is prototrophic for methionine; MET13 encodes major isozyme of methylenetetrahydrofolate reductase (MTHFR),-0.27931282388371187,-0.1675379386217582,-0.5079235795728452,-0.05117244031096401,-0.21508332895568164,0.004613137345714541,-0.1460847039377213,0.1565484090189987,-0.09484405609373354,-0.0032065322124608573,-0.6864871562470175,0.6469050283917055,0.9253292491810028,0.307116693993037,0.871281306454196,0.8314516973220235,0.8706753205638478,0.9601682649479564,0.8415577507653835,0.9370878558708492,0.9146167252861038,8.112993522461368e-4,1
AAACCCAAGCTAGACCATTA,-,chrXVI,504664,504686,P544F,NA,NA,-7.876,7.876,FALSE,neProvs,YPL023C,MET12,Protein with MTHFR activity in vitro; null mutant has no phenotype and is prototrophic for methionine; MET13 encodes major isozyme of methylenetetrahydrofolate reductase (MTHFR),0.07022714715444393,0.24362933209565382,-0.2775824275070677,-0.2778774052146036,-0.10103343255924639,-0.030637425401897265,-0.05417773599349786,-0.3006270606873079,-0.39937517420089097,0.2978282596445092,0.1907133706908211,0.9267898905659693,0.9253292491810028,0.9835550970677007,0.7311683987779293,0.899374302359306,0.8602842719698844,0.9992383890561405,0.8139537492515654,0.8494603581988337,0.9010919300405122,0.8865829155329987,0
CTAATCCAACTAAACTATCG,-,chrXVI,504832,504854,Q489*,NA,NA,"NA",NA,FALSE,neStops,YPL023C,MET12,Protein with MTHFR activity in vitro; null mutant has no phenotype and is prototrophic for methionine; MET13 encodes major isozyme of methylenetetrahydrofolate reductase (MTHFR),-0.08086759901628773,-0.18074387439505205,-0.05997585088358559,0.3832874568221595,0.029546906324619145,0.42043003858571015,-0.38906229704472556,-0.0798327430816893,0.3058990009637703,0.23673465247548472,0.4082450290346285,0.9185387543502155,0.9361216336334643,0.9957617939713213,0.4553224943988138,0.9136999700733112,0.44069633725585805,0.837849521886529,0.8832595666421693,0.8946297196657471,0.8995774432829992,0.44290216459976395,0
TGCGATTCCCTGGTCTGACC,-,chrXVI,504890,504912,P470S,NA,NA,-7.989,7.989,FALSE,neProvs,YPL023C,MET12,Protein with MTHFR activity in vitro; null mutant has no phenotype and is prototrophic for methionine; MET13 encodes major isozyme of methylenetetrahydrofolate reductase (MTHFR),0.16896400146964718,-0.03342877401111713,0.18922779593436026,0.23297785586434444,-0.1994351205724012,0.3892835241839307,-0.04059500899178737,0.06375433464335109,-0.16232518176469551,0.20526116819337234,0.037840398402897435,0.8789953555537735,0.9770070580123799,0.9863048109504592,0.6916517692830595,0.8919209382713345,0.271648903390199,0.9992383890561405,0.889088782140439,0.9301652128176489,0.9010919300405122,0.9437555417542177,0
CTTCGAGGTGACCCACCTAT,-,chrXVI,505972,505994,R108*,NA,NA,"NA",NA,FALSE,neStops,YPL023C,MET12,Protein with MTHFR activity in vitro; null mutant has no phenotype and is prototrophic for methionine; MET13 encodes major isozyme of methylenetetrahydrofolate reductase (MTHFR),0.19707385551725262,0.3574461687353088,0.3309292058848152,-0.14765183279586597,-0.2128921202457716,-0.20770056158438058,-0.09204070581797417,0.216072435395859,0.0905600551538545,0.04750541303472054,0.8562716852828958,0.8778964849175108,0.7404487323884329,0.9278509051082843,0.8250626184520858,0.897067340477982,0.7408589882320299,0.9899704677536119,0.8425622558142206,0.9487660856525371,0.9035285260128316,0.001849462271191771,1
ATCACGGTTACTTGGGGAGC,-,chrXVI,506155,506177,T47M,NA,NA,-6,6,FALSE,neProvs,YPL023C,MET12,Protein with MTHFR activity in vitro; null mutant has no phenotype and is prototrophic for methionine; MET13 encodes major isozyme of methylenetetrahydrofolate reductase (MTHFR),-0.14772891694559936,-0.13132304489501673,-0.32922892085365457,0.38480976219613416,0.07923539167527945,-0.13506285357317144,-0.2531371229479539,-0.7660041041218085,0.006114290124228078,0.24265923944290746,0.10093191509443578,0.9159196780203763,0.9566998389113452,0.9835550970677007,0.5637808696132519,0.899374302359306,0.8089746844516436,0.9601682649479564,0.5292379831677084,0.9630104523560197,0.9010919300405122,0.9360864744255641,0
