motif	beta
TGTC_9	-0.6003714536379051
TC_10	-0.4542495305101587
CACA_10	0.42318474406881934
CCTA_7	-0.421634353421713
TC_9	-0.4190748742288139
C_9	-0.37796795524812676
TATC_9	-0.3415195442967821
ATAC_7	-0.33414069476565894
TAAT_20	-0.31795389731187157
C_10	-0.3116242554705482
TTC_9	-0.30736881103237396
TCAG_7	-0.2997200495465486
TCA_7	-0.2842379289475388
TAAT_3	-0.26314235844219347
TC_7	-0.2618163180193226
GCA_8	0.23058471012632828
TCAA_8	-0.22525755870193176
ACAC_13	-0.22420952359566274
CGC_9	0.21949173635939875
GTCA_9	-0.20683858284868797
CGCA_10	0.17597913148424288
TC_8	-0.17581176985105176
GGA_22	-0.17130049650938264
TAC_9	-0.16979121272589837
TCAG_8	-0.16944866559554417
GC_11	0.16841365936838537
TCAA_9	-0.15634289089952821
CACC_4	-0.1385806080989229
GACA_12	-0.1351687539423371
TT_15	0.1269988086980738
AGTA_16	-0.12565652552750042
GTCA_18	-0.12478070170305995
AT_5	-0.12349787275304885
GAA_9	0.11536829066296372
CA_9	-0.11410636180787032
GTC_10	-0.1125424931313903
CTA_9	0.1121203093376296
CCAG_19	-0.10948990748729895
GCAG_8	0.10878948764850759
TCAC_9	0.10843650913386182
CCT_9	0.10607941958489271
CACT_8	0.10195896306646185
TAC_8	-0.10093547006414338
GCAA	0.1002393915318301
GTAT_16	-0.09957571848116174
TACC_6	-0.0961191092553545
GGCC_2	-0.09579516536378663
GGAG_3	0.0957012591810475
CA_11	-0.0956435703969653
G_10	0.09505977228800828
CA_28	-0.0863376215084687
GAC_13	0.08298077861551953
CGA_10	-0.08246562823751852
GCTT_16	-0.08150092225319351
AGAA_18	-0.08124166608762469
TTAG_22	0.0805068088914149
AAA_6	0.08021675482151648
CTAC_6	-0.07757045083688154
ACA_11	0.075325676446767
TG_10	0.07498143937669634
GTAC_17	-0.07493250769127911
GA_6	0.07040441217839871
AAA_3	-0.06818203812401662
ACTA_4	-0.06815214540593999
CGTG_2	-0.06767691175264982
CCAT_10	-0.06600571375965439
TGGG_25	0.06562015139793631
TCCA_7	-0.06546637717166638
TCCA	-0.06444644010967727
CCAT_7	-0.06440350228837605
TACG_18	-0.061050292036420206
GCA_7	0.06062844520306224
CCAT_8	-0.05987569823560629
CAT	-0.05868491472643532
C_21	0.057939291274208896
T_6	-0.055668788870942586
CT_13	0.05560817604225335
TGAG_20	-0.055120664542817194
CCCA	-0.05496607371553161
AATT_22	0.05359111308815519
TACC	-0.05240914860110877
GTA_9	0.052318584292344414
TTAT_6	-0.05226268507392023
GGT_20	-0.05202682372288672
GGAA_3	-0.0508827188626072
ACAC_7	-0.049564347858060444
CGCG_8	0.04954397163333768
AGCC	0.04881050997197212
CG_17	0.048656574466444086
GG_21	-0.04834685581197229
GCTA_21	0.04784271749320385
AGCC_12	0.046630814046867836
ACA_10	-0.0461733356201245
TT_14	0.046064992644011815
TCC_6	-0.045490064429598395
G_9	0.04464703420531411
ATT_14	0.04203941396086752
GGTT_22	-0.041887158182349636
TACA_7	-0.0418690406363741
GTTT_12	0.04138805083201919
TTC_14	0.04132282549662078
AGTA_21	-0.04112707511088096
TCCG_8	-0.03994483392586219
TAT_18	-0.039700577553097756
AAA	0.03898356298486555
CTAA_22	0.03893201124946019
TACC_8	-0.03749048658286013
TCAG	-0.035901143105754534
TG_17	0.03579891994601785
GC_10	0.03530072667565453
AAGG_10	-0.03527760134804689
TAAA	0.03458998205465329
CGGA	0.03447110961029739
A_15	-0.03305531305755213
GCT_16	-0.032886975636249434
GTAT_2	0.032088276384738226
TA_18	-0.03174296331428757
CCT_7	-0.031513520887628634
GCCT_7	0.030069928307327777
G_20	0.02961019226736905
AGC_7	0.029243865671335943
GAT_3	0.029076188338714257
GAGG_19	-0.027919087624517218
CTTA_10	0.02763678974903076
TGAA	0.027513125283254967
AAGG_21	-0.02722100930700394
G_30	-0.02683947236076464
TGA_2	0.0266117755043681
CCC	-0.026403632604446135
CTT_10	0.026363317519881704
GC_8	0.02559326924881983
GACA_9	-0.024045290048552877
TG_19	0.02390217112428627
AGAG_22	-0.02383171924398773
GCC_11	0.022995172318049952
TAGC_17	-0.02246720567163978
CTAT_5	-0.022173768716834196
AAAA_12	-0.01979981421163777
GGTC_8	-0.019614856857882005
GAG_6	0.01852107548839203
GCCA_6	0.01762425015546321
TGA_11	0.017536029783986017
TA_10	0.017445068377825678
ACAG_9	-0.016916342085058163
GCCA	0.0162323767125152
TTC_10	-0.01599152756394848
C_15	0.015860663960659004
TTAG_18	0.01442996149397093
GCA_10	0.014166403798255461
G_16	-0.013927720322390176
C_11	-0.0138975395939279
AC_11	0.012930532989188635
GAA_7	0.012603516384215776
AGG	-0.012466185361756395
CAC_6	-0.012355660297231466
ACTT_9	0.012165606638593783
GGGA_21	-0.01160901239748873
AATT	0.011598989547891446
G_11	0.01147403674078537
AGTA	-0.011420997088953758
CC_8	-0.01130881020981694
AA_6	0.010920246204519288
GC	0.010665315297899462
A_12	-0.009979948020970903
GT_17	-0.009949301405543759
AAG_8	0.009809525022345401
TATC	-0.009684403739232015
GCAC	-0.009492667178491102
T_18	-0.009366391483199869
TCG_10	-0.009265594025078667
TTG	0.009070005979599184
ATAT	-0.008063370208973856
AAAG_23	0.007911336624803821
TCGC_7	0.007578087736679157
CGC_10	0.007450245497766925
T_20	-0.007396651810767096
AAA_12	-0.00718139545085791
GGCT_19	0.006775573880626574
GTCG_9	-0.005843850820171371
ACTT_20	0.0057791836236684695
TTC_20	-0.004787298330718141
AGGT	-0.004498981434258136
TC	-0.0042802953098546054
TTA_2	-0.0038638653201722804
C_6	-0.0037168546094646297
AGG_11	-0.00365479171174012
CTA_3	-0.0035399915690317064
AT_19	-0.003431265913189993
TATC_8	-0.0032928927517290388
TT_1	-0.003224871129385714
TT_29	0.003061425559111882
TTA_11	0.0028357848503029206
TCA_8	-0.0026279559735863166
CAG_28	-0.0025365657815702315
GTAT_15	-0.0017230784689623519
TCC	-0.0016326858083439808
G_25	-0.001298956628567548
TATG_9	0.0012622136130245644
GGA_13	-0.001212152411961027
CGA_9	-7.190103921116439e-4
T_15	6.421316400395316e-4
GCGG_19	-4.961923425417327e-4
GCC	4.786675778841282e-4
ACT_20	2.8599443680338044e-4
GCAG_27	-1.5241709089812864e-4
CCTC_9	0.00014298686737927241
TCGA_10	-2.948486476079937e-5
